-- MySQL dump 10.13  Distrib 8.0.42, for Linux (x86_64)
--
-- Host: localhost    Database: u199209817_1
-- ------------------------------------------------------
-- Server version 8.0.42-0ubuntu0.24.04.1

/*!40101 SET @OLD_CHARACTER_SET_CLIENT=@@CHARACTER_SET_CLIENT */;
/*!40101 SET @OLD_CHARACTER_SET_RESULTS=@@CHARACTER_SET_RESULTS */;
/*!40101 SET @OLD_COLLATION_CONNECTION=@@COLLATION_CONNECTION */;
/*!50503 SET NAMES utf8mb4 */;
/*!40103 SET @OLD_TIME_ZONE=@@TIME_ZONE */;
/*!40103 SET TIME_ZONE='+00:00' */;
/*!40014 SET @OLD_UNIQUE_CHECKS=@@UNIQUE_CHECKS, UNIQUE_CHECKS=0 */;
/*!40014 SET @OLD_FOREIGN_KEY_CHECKS=@@FOREIGN_KEY_CHECKS, FOREIGN_KEY_CHECKS=0 */;
/*!40101 SET @OLD_SQL_MODE=@@SQL_MODE, SQL_MODE='NO_AUTO_VALUE_ON_ZERO' */;
/*!40111 SET @OLD_SQL_NOTES=@@SQL_NOTES, SQL_NOTES=0 */;

--
-- Table structure for table `agendamento`
--

DROP TABLE IF EXISTS `agendamento`;
/*!40101 SET @saved_cs_client     = @@character_set_client */;
/*!50503 SET character_set_client = utf8mb4 */;
CREATE TABLE `agendamento` (
  `id` int NOT NULL AUTO_INCREMENT,
  `estabelecimento_id` int NOT NULL,
  `data` datetime DEFAULT NULL,
  `concluido` int DEFAULT NULL,
  `pronto` int DEFAULT NULL,
  `horaChegada` datetime DEFAULT NULL,
  `metodo_pagamento` enum('dinheiro','pix','credito','debito','pendente','pacote_semanal_1','pacote_semanal_2','pacote_semanal_3','pacote_semanal_4','pacote_quinzenal') CHARACTER SET utf8mb4 COLLATE utf8mb4_unicode_ci NOT NULL DEFAULT 'pendente',
  `horaSaida` datetime DEFAULT NULL,
  `taxi_dog` tinyint DEFAULT '0',
  `taxa_taxi_dog` decimal(10,2) DEFAULT NULL,
  `donoId` int DEFAULT NULL,
  `pacote_quinzenal` tinyint(1) DEFAULT '0',
  `pacote_semanal` tinyint(1) DEFAULT '0',
  `status` varchar(20) CHARACTER SET utf8mb4 COLLATE utf8mb4_unicode_ci DEFAULT 'aguardando',
  `pet_id` int DEFAULT '0',
  PRIMARY KEY (`id`)
) ENGINE=InnoDB AUTO_INCREMENT=610 DEFAULT CHARSET=utf8mb4 COLLATE=utf8mb4_unicode_ci;
/*!40101 SET character_set_client = @saved_cs_client */;

--
-- Dumping data for table `agendamento`
--

LOCK TABLES `agendamento` WRITE;
/*!40000 ALTER TABLE `agendamento` DISABLE KEYS */;
INSERT INTO `agendamento` VALUES (2,1,'2025-02-28 00:00:00',0,0,'2025-02-28 11:00:00','pendente','2025-02-28 13:00:00',1,15.00,1,0,0,'aguardando',103),(3,1,'2025-03-01 00:00:00',1,0,'2025-03-01 09:30:00','pix','2025-03-01 11:00:00',1,15.00,15,0,0,'aguardando',104),(4,1,'2025-03-01 00:00:00',1,0,'2025-03-01 08:30:00','debito','2025-03-01 09:30:00',1,NULL,1,0,0,'aguardando',105),(5,1,'2025-03-01 00:00:00',1,0,'2025-03-01 09:00:00','pix','2025-03-01 11:00:00',1,25.00,1,0,0,'aguardando',107),(6,1,'2025-03-01 00:00:00',1,0,'2025-03-01 09:00:00','credito','2025-03-01 11:00:00',1,NULL,1,0,0,'aguardando',108),(7,1,'2025-03-01 00:00:00',0,0,'2025-03-01 08:45:00','pendente','2025-03-01 11:00:00',1,7.00,16,0,0,'aguardando',109),(8,1,'2025-03-01 00:00:00',0,0,'2025-03-01 08:40:00','pendente','2025-03-01 11:00:00',1,7.00,1,0,0,'aguardando',110),(9,1,'2025-03-01 00:00:00',1,0,'2025-03-01 09:40:00','pix','2025-03-01 11:00:00',1,15.00,4,0,0,'aguardando',111),(10,1,'2025-03-01 00:00:00',0,0,'2025-03-01 08:30:00','pendente','2025-03-01 11:00:00',1,NULL,1,0,0,'aguardando',112),(11,1,'2025-03-01 00:00:00',0,0,'2025-03-01 13:30:00','pendente',NULL,1,NULL,15,0,0,'aguardando',113),(12,1,'2025-03-01 00:00:00',1,0,'2025-03-01 09:00:00','pix','2025-03-01 11:00:00',1,7.00,1,0,0,'aguardando',114),(13,1,'2025-03-01 00:00:00',1,0,'2025-03-01 11:20:00','pix','2025-03-01 13:00:00',1,7.00,1,0,0,'aguardando',115),(15,1,'2025-03-01 00:00:00',1,0,'2025-03-01 11:10:00','credito','2025-03-01 15:30:00',1,NULL,4,0,0,'aguardando',116),(16,1,'2025-03-01 00:00:00',1,0,'2025-03-01 11:30:00','dinheiro','2025-03-01 14:00:00',1,NULL,1,0,0,'aguardando',117),(17,1,'2025-03-01 00:00:00',1,0,'2025-03-01 12:00:00','credito','2025-03-01 15:30:00',1,NULL,21,0,0,'aguardando',118),(18,1,'2025-03-01 00:00:00',1,0,'2025-03-01 08:30:00','pix','2025-03-01 11:00:00',1,25.00,1,0,0,'aguardando',119),(19,1,'2025-03-01 00:00:00',1,0,'2025-03-01 08:30:00','pix','2025-03-01 11:00:00',1,25.00,1,0,0,'aguardando',120),(20,1,'2025-03-01 00:00:00',1,0,'2025-03-01 08:30:00','pix','2025-03-01 11:00:00',1,25.00,1,0,0,'aguardando',121),(21,1,'2025-03-01 00:00:00',1,0,'2025-03-01 11:20:00','pix','2025-03-01 13:00:00',1,15.00,4,0,0,'aguardando',122),(22,1,'2025-03-01 00:00:00',1,0,'2025-03-01 11:10:00','credito','2025-03-01 15:00:00',1,NULL,4,0,0,'aguardando',123),(23,1,'2025-03-06 00:00:00',1,0,'2025-03-06 09:00:00','credito','2025-03-06 10:48:00',1,NULL,16,0,0,'aguardando',124),(24,1,'2025-03-06 00:00:00',1,0,'2025-03-06 09:00:00','credito','2025-03-06 10:48:00',1,NULL,16,0,0,'aguardando',125),(25,1,'2025-03-07 00:00:00',0,0,'2025-03-07 09:00:00','pendente',NULL,1,NULL,16,0,0,'aguardando',126),(26,1,'2025-03-07 00:00:00',0,0,'2025-03-07 09:00:00','pendente',NULL,1,NULL,16,0,0,'aguardando',127),(27,1,'2025-03-06 00:00:00',1,0,'2025-03-06 09:00:00','dinheiro','2025-03-06 13:00:00',1,NULL,23,0,0,'aguardando',128),(29,1,'2025-03-06 00:00:00',1,0,'2025-03-06 09:00:00','pix','2025-03-06 11:00:00',1,55.00,23,0,0,'aguardando',131),(30,1,'2025-03-06 00:00:00',1,0,'2025-03-06 10:30:00','dinheiro',NULL,1,5.00,23,0,0,'aguardando',132),(31,1,'2025-03-06 00:00:00',1,0,'2015-03-06 09:58:00','pix','2025-03-06 11:27:00',1,NULL,4,0,0,'aguardando',133),(32,1,'2025-03-06 00:00:00',1,0,'2025-03-06 10:20:00','pix',NULL,1,7.00,14,0,0,'aguardando',134),(33,1,'2025-03-06 00:00:00',0,0,'2025-03-06 10:30:00','pendente','2025-03-06 13:48:00',1,7.00,14,0,0,'aguardando',135),(34,1,'2025-03-06 00:00:00',1,0,'2025-03-06 14:00:00','pix','2025-03-06 15:00:00',1,NULL,1,0,0,'aguardando',137),(35,1,'2025-03-06 00:00:00',1,0,'2025-03-06 12:00:00','dinheiro','2025-03-06 14:13:00',1,NULL,23,0,0,'aguardando',138),(37,1,'2025-03-07 00:00:00',1,0,'2025-03-07 09:00:00','pix','2025-03-07 12:00:00',1,NULL,16,0,0,'aguardando',141),(38,1,'2025-03-07 00:00:00',1,0,'2025-03-07 09:00:00','pix','2025-03-07 12:00:00',1,NULL,16,0,0,'aguardando',140),(39,1,'2025-03-06 00:00:00',1,0,'2025-03-06 09:00:00','dinheiro','2025-03-06 12:00:00',1,NULL,23,0,0,'aguardando',142),(40,1,'2025-03-06 00:00:00',1,0,'2025-03-06 09:00:00','dinheiro','2025-03-06 12:00:00',1,NULL,23,0,0,'aguardando',144),(41,1,'2025-03-06 00:00:00',1,0,'2025-03-06 09:00:00','dinheiro','2025-03-06 12:00:00',1,NULL,23,0,0,'aguardando',143),(42,1,'2025-03-06 00:00:00',1,0,'2025-03-06 09:00:00','dinheiro','2025-03-06 12:00:00',1,NULL,23,0,0,'aguardando',145),(43,1,'2025-03-06 00:00:00',1,0,'2025-03-06 10:00:00','dinheiro','2025-03-06 12:01:00',1,NULL,23,0,0,'aguardando',146),(44,1,'2025-03-07 00:00:00',0,0,'2025-03-07 13:30:00','pix',NULL,1,NULL,16,0,0,'aguardando',147),(45,1,'2025-03-07 00:00:00',0,0,'2025-03-07 09:00:00','pendente',NULL,1,NULL,16,0,0,'aguardando',149),(46,1,'2025-03-07 00:00:00',0,0,'2025-03-07 09:00:00','pendente',NULL,1,NULL,16,0,0,'aguardando',148),(47,1,'2025-03-07 00:00:00',0,0,'2025-03-07 10:30:00','pendente',NULL,1,NULL,16,0,0,'aguardando',150),(48,1,'2025-03-06 00:00:00',1,0,'2025-03-06 10:00:00','pix','2025-03-06 13:00:00',1,7.00,18,0,0,'aguardando',151),(49,1,'2025-03-06 00:00:00',1,0,'2025-03-06 10:00:00','pix','2025-03-06 13:00:00',1,7.00,18,0,0,'aguardando',152),(50,1,'2025-03-06 00:00:00',1,0,'2025-03-06 09:00:00','pendente','2025-03-06 12:00:00',1,5.00,23,0,0,'aguardando',153),(51,1,'2025-03-06 00:00:00',1,0,'2025-03-06 11:00:00','pendente','2025-03-06 13:00:00',1,5.00,23,0,0,'aguardando',154),(52,1,'2025-03-08 00:00:00',1,0,'2025-03-08 08:30:00','credito','2025-03-08 11:03:00',1,NULL,14,0,0,'aguardando',155),(53,1,'2025-03-06 00:00:00',1,0,'2025-03-06 11:00:00','pendente','2025-03-06 14:50:00',1,5.00,23,0,0,'aguardando',156),(54,1,'2025-03-06 00:00:00',0,0,'2025-03-06 13:40:00','pendente',NULL,1,5.00,23,0,0,'aguardando',157),(55,1,'2025-03-06 00:00:00',0,0,'2025-03-06 13:40:00','pendente',NULL,1,5.00,23,0,0,'aguardando',158),(56,1,'2025-03-06 00:00:00',1,0,'2025-03-06 15:00:00','credito',NULL,1,7.00,4,0,0,'aguardando',160),(57,1,'2025-03-06 00:00:00',1,0,'2025-03-06 15:00:00','credito',NULL,1,NULL,1,0,0,'aguardando',161),(58,1,'2025-03-06 00:00:00',1,0,'2025-03-06 15:00:00','credito',NULL,1,NULL,4,0,0,'aguardando',159),(59,1,'2025-03-06 00:00:00',1,0,'2025-03-06 13:00:00','pendente','2025-03-06 14:30:00',1,NULL,23,0,0,'aguardando',162),(60,1,'2025-03-06 00:00:00',0,0,'2025-03-06 14:00:00','dinheiro',NULL,1,NULL,23,0,0,'aguardando',163),(61,1,'2025-03-06 00:00:00',0,0,'2025-03-06 13:00:00','dinheiro',NULL,1,7.00,23,0,0,'aguardando',164),(62,1,'2025-03-06 00:00:00',1,0,'2025-03-06 12:48:00','credito',NULL,1,7.00,4,0,0,'aguardando',165),(63,1,'2025-03-06 00:00:00',0,0,'2025-03-06 15:00:00','pendente',NULL,1,0.00,22,0,0,'aguardando',166),(64,1,'2025-03-07 00:00:00',0,0,'2025-03-07 09:40:00','pendente',NULL,1,NULL,16,0,0,'aguardando',169),(66,1,'2025-03-07 00:00:00',0,0,'2025-03-07 10:00:00','pendente',NULL,1,NULL,16,0,0,'aguardando',172),(67,1,'2025-03-07 00:00:00',0,0,'2025-03-07 10:00:00','pendente',NULL,1,NULL,16,0,0,'aguardando',171),(68,1,'2025-03-07 00:00:00',1,0,'2025-03-07 09:00:00','credito','2025-03-07 11:00:00',1,NULL,4,0,0,'aguardando',168),(69,1,'2025-03-07 00:00:00',0,0,'2025-03-07 10:00:00','pendente',NULL,1,NULL,16,0,0,'aguardando',173),(70,1,'2025-03-07 00:00:00',0,0,'2025-03-07 09:00:00','pendente',NULL,1,NULL,14,0,0,'aguardando',176),(71,1,'2025-03-07 00:00:00',0,0,'2025-03-07 09:00:00','pendente',NULL,1,NULL,14,0,0,'aguardando',177),(72,1,'2025-03-07 00:00:00',0,0,'2025-03-07 09:00:00','pendente',NULL,1,NULL,21,0,0,'aguardando',178),(73,1,'2025-03-07 00:00:00',1,0,'2025-03-07 10:00:00','debito','2025-03-07 11:40:00',1,NULL,4,0,0,'aguardando',179),(74,1,'2025-03-07 00:00:00',1,0,'2025-03-07 13:30:00','credito','2025-03-07 17:30:00',1,25.00,4,0,0,'aguardando',180),(75,1,'2025-03-07 00:00:00',1,0,'2025-03-07 13:30:00','credito','2025-03-07 17:30:00',1,NULL,4,0,0,'aguardando',181),(76,1,'2025-03-07 00:00:00',1,0,'2025-03-07 10:00:00','pix','2025-03-07 13:00:00',1,NULL,12,0,0,'aguardando',182),(77,1,'2025-03-07 00:00:00',0,0,'2025-03-07 11:00:00','pendente',NULL,1,NULL,4,0,0,'aguardando',183),(78,1,'2025-03-07 00:00:00',1,0,'2025-03-07 11:30:00','pendente','2025-03-07 14:50:00',1,5.00,16,0,0,'aguardando',174),(79,1,'2025-03-07 00:00:00',0,0,'2025-03-07 16:30:00','pendente',NULL,1,15.00,1,0,0,'aguardando',184),(80,1,'2025-03-07 00:00:00',1,0,'2025-03-07 11:00:00','pendente','2025-03-07 14:50:00',1,NULL,16,0,0,'aguardando',175),(81,1,'2025-03-07 00:00:00',1,0,'2025-03-07 11:00:00','pendente','2025-03-07 14:50:00',1,NULL,16,0,0,'aguardando',185),(82,1,'2025-03-08 00:00:00',1,0,'2025-03-08 09:00:00','pix',NULL,1,NULL,1,0,0,'aguardando',186),(83,1,'2025-03-08 00:00:00',1,0,'2025-03-08 09:00:00','pix','2025-03-08 12:00:00',1,NULL,19,0,0,'aguardando',188),(85,1,'2025-03-08 00:00:00',1,0,'2025-03-08 08:30:00','dinheiro','2025-03-08 11:50:00',1,NULL,23,0,0,'aguardando',112),(86,1,'2025-03-08 00:00:00',0,0,'2025-03-08 09:00:00','pix',NULL,1,NULL,11,0,0,'aguardando',189),(87,1,'2025-03-08 00:00:00',1,0,'2025-03-08 08:40:00','pix','2025-03-08 12:10:00',1,0.00,24,0,0,'aguardando',109),(88,1,'2025-03-07 00:00:00',0,0,'2025-03-07 11:00:00','pendente',NULL,1,0.00,1,0,0,'aguardando',187),(89,1,'2025-03-08 00:00:00',0,NULL,'2025-03-08 09:00:00','pendente','2025-03-08 12:00:00',1,0.00,1,0,0,'aguardando',110),(90,1,'2025-03-07 00:00:00',0,NULL,'2025-03-07 09:00:00','pendente',NULL,1,NULL,16,0,0,'aguardando',190),(91,1,'2025-03-07 00:00:00',0,NULL,'2025-03-07 10:00:00','pendente',NULL,1,7.00,1,0,0,'aguardando',191),(92,1,'2025-03-07 00:00:00',0,NULL,'2025-03-07 11:00:00','pendente',NULL,1,0.00,25,0,0,'aguardando',192),(93,1,'2025-03-07 00:00:00',0,NULL,'2025-03-07 04:00:00','pendente',NULL,1,NULL,16,0,0,'aguardando',193),(94,1,'2025-03-07 00:00:00',0,NULL,'2025-03-07 15:00:00','pendente',NULL,1,0.00,23,0,0,'aguardando',194),(95,1,'2025-03-08 00:00:00',0,NULL,'2025-03-08 09:20:00','pendente',NULL,1,12.00,18,0,0,'aguardando',196),(96,1,'2025-03-08 00:00:00',0,NULL,'2025-03-08 09:20:00','pendente',NULL,1,0.00,18,0,0,'aguardando',195),(97,1,'2025-03-08 00:00:00',0,NULL,'2025-03-08 10:00:00','pendente',NULL,1,10.00,18,0,0,'aguardando',197),(98,1,'2025-03-08 00:00:00',0,NULL,'2025-03-08 10:00:00','pendente',NULL,1,0.00,18,0,0,'aguardando',198),(99,1,'2025-03-08 00:00:00',0,NULL,'2025-03-08 10:00:00','pendente',NULL,1,0.00,18,0,0,'aguardando',199),(100,1,'2025-03-08 00:00:00',0,NULL,'2025-03-08 09:40:00','pix',NULL,1,7.00,11,0,0,'aguardando',201),(102,1,'2025-03-08 00:00:00',0,NULL,'2025-03-08 13:00:00','credito',NULL,1,10.00,1,0,0,'aguardando',200),(103,1,'2025-03-08 00:00:00',0,NULL,'2025-03-08 10:00:00','pendente',NULL,1,7.00,1,0,0,'aguardando',203),(104,1,'2025-03-08 00:00:00',0,NULL,'2025-03-08 10:00:00','pendente',NULL,1,0.00,1,0,0,'aguardando',204),(105,1,'2025-03-08 00:00:00',0,NULL,'2025-03-08 10:00:00','pendente',NULL,1,0.00,1,0,0,'aguardando',205),(106,1,'2025-03-08 00:00:00',0,NULL,'2025-03-08 10:00:00','pendente',NULL,1,NULL,17,0,0,'aguardando',207),(107,1,'2025-03-08 00:00:00',0,NULL,'2025-03-08 10:00:00','pendente','2025-03-08 13:00:00',1,NULL,11,0,0,'aguardando',206),(108,1,'2025-03-08 00:00:00',0,NULL,'2025-03-08 11:30:00','pendente',NULL,1,10.00,18,0,0,'aguardando',209),(109,1,'2025-03-08 00:00:00',0,NULL,'2025-03-08 11:40:00','pendente',NULL,1,7.00,4,0,0,'aguardando',208),(110,1,'2025-03-08 00:00:00',0,NULL,'2025-03-08 13:00:00','pendente',NULL,1,7.00,1,0,0,'aguardando',115),(111,1,'2025-03-08 00:00:00',0,NULL,'2025-03-08 10:00:00','pix',NULL,1,NULL,13,0,0,'aguardando',210),(112,1,'2025-03-08 00:00:00',0,NULL,'2025-03-08 12:00:00','pix',NULL,1,NULL,1,0,0,'aguardando',211),(113,1,'2025-03-08 00:00:00',0,NULL,'2025-03-08 12:00:00','pendente',NULL,1,NULL,1,0,0,'aguardando',212),(114,1,'2025-03-10 00:00:00',1,NULL,'2025-03-10 09:00:00','pix','2025-03-10 11:45:00',1,NULL,1,0,0,'aguardando',215),(115,1,'2025-03-10 00:00:00',1,NULL,'2025-03-10 09:30:00','credito','2025-03-10 13:24:00',1,NULL,17,0,0,'aguardando',202),(117,1,'2025-03-10 00:00:00',1,NULL,'2025-03-10 09:30:00','credito','2025-03-10 14:00:00',1,NULL,26,0,0,'aguardando',218),(119,1,'2025-03-10 00:00:00',0,NULL,'2025-03-10 09:00:00','dinheiro',NULL,1,NULL,23,0,0,'aguardando',219),(120,1,'2025-03-10 00:00:00',0,NULL,'2025-03-10 14:00:00','dinheiro',NULL,1,NULL,23,0,0,'aguardando',196),(121,1,'2025-03-10 00:00:00',0,NULL,'2025-03-10 10:00:00','credito','2025-03-10 14:57:00',1,NULL,19,0,0,'aguardando',214),(122,1,'2025-03-10 00:00:00',1,NULL,'2025-03-10 14:30:00','pix','2025-03-10 16:01:00',1,NULL,4,0,0,'aguardando',167),(123,1,'2025-03-10 00:00:00',1,NULL,'2025-03-10 14:30:00','pix','2025-03-10 16:15:00',1,7.00,1,0,0,'aguardando',216),(124,1,'2025-03-10 00:00:00',0,NULL,'2025-03-10 11:00:00','dinheiro',NULL,1,NULL,23,0,0,'aguardando',131),(125,1,'2025-03-10 00:00:00',0,NULL,'2025-03-10 13:57:00','pendente',NULL,1,NULL,12,0,0,'aguardando',220),(126,1,'2025-03-10 00:00:00',0,NULL,'2025-03-10 15:10:00','credito',NULL,1,NULL,9,0,0,'aguardando',170),(127,1,'2025-03-10 00:00:00',0,NULL,'2025-03-10 15:10:00','credito',NULL,1,NULL,27,0,0,'aguardando',213),(128,1,'2025-03-11 00:00:00',0,NULL,'2025-03-10 13:00:00','pendente',NULL,1,7.00,4,0,0,'aguardando',208),(129,1,'2025-03-11 00:00:00',1,NULL,'2025-03-11 09:00:00','dinheiro',NULL,1,NULL,23,0,0,'aguardando',124),(130,1,'2025-03-11 00:00:00',1,NULL,'2025-03-11 09:00:00','dinheiro',NULL,1,NULL,23,0,0,'aguardando',125),(131,1,'2025-03-11 00:00:00',1,NULL,'2025-03-11 09:30:00','dinheiro',NULL,1,NULL,23,0,0,'aguardando',156),(132,1,'2025-03-11 00:00:00',1,NULL,'2025-03-11 10:00:00','dinheiro',NULL,1,NULL,23,0,0,'aguardando',154),(133,1,'2025-03-11 00:00:00',1,NULL,'2025-03-11 11:00:00','dinheiro',NULL,1,NULL,22,0,0,'aguardando',139),(134,1,'2025-03-11 00:00:00',0,NULL,'2025-03-11 13:00:00','dinheiro',NULL,1,NULL,28,0,0,'aguardando',162),(135,1,'2025-03-11 00:00:00',0,NULL,'2025-03-11 09:20:00','pendente','2025-03-11 11:07:00',1,NULL,11,0,0,'aguardando',221),(136,1,'2025-03-11 00:00:00',0,NULL,'2025-03-11 10:30:00','pendente','2025-03-11 13:00:00',1,NULL,4,0,0,'aguardando',222),(137,1,'2025-03-11 00:00:00',1,NULL,'2025-03-11 10:30:00','debito','2025-03-11 13:00:00',1,NULL,1,0,0,'aguardando',224),(138,1,'2025-03-11 00:00:00',1,NULL,'2025-02-11 14:00:00','credito','2025-03-12 16:00:00',1,7.00,4,0,0,'aguardando',223),(139,1,'2025-03-11 00:00:00',1,NULL,'2025-03-11 11:00:00','credito','2025-03-11 13:59:00',1,NULL,4,0,0,'aguardando',225),(140,1,'2025-03-11 00:00:00',1,NULL,'2025-03-11 10:40:00','dinheiro','2025-03-11 11:40:00',1,NULL,23,0,0,'aguardando',146),(141,1,'2025-03-12 00:00:00',1,NULL,'2025-03-12 10:00:00','pendente','2025-03-12 11:13:00',1,NULL,23,0,0,'aguardando',138),(143,1,'2025-03-12 00:00:00',1,NULL,'2025-03-12 09:00:00','dinheiro','2025-03-12 10:57:00',1,NULL,23,0,0,'aguardando',187),(144,1,'2025-03-12 00:00:00',1,NULL,'2025-03-12 09:00:00','dinheiro','2025-03-12 10:57:00',1,NULL,23,0,0,'aguardando',190),(145,1,'2025-03-12 00:00:00',1,NULL,'2025-03-12 09:00:00','dinheiro','2025-03-12 10:57:00',1,NULL,23,0,0,'aguardando',130),(146,1,'2025-03-12 00:00:00',1,NULL,'2025-03-12 09:00:00','dinheiro','2025-03-12 10:57:00',1,NULL,23,0,0,'aguardando',129),(147,1,'2025-03-12 00:00:00',1,NULL,'2025-03-12 10:30:00','pix','2025-03-12 12:00:00',1,NULL,14,0,0,'aguardando',227),(148,1,'2025-03-12 00:00:00',1,NULL,'2025-03-12 13:00:00','pendente','2025-03-12 16:10:00',1,0.00,23,0,0,'aguardando',174),(149,1,'2025-03-12 00:00:00',1,NULL,'2025-03-12 13:00:00','pendente','2025-03-12 16:10:00',1,0.00,23,0,0,'aguardando',175),(150,1,'2025-03-12 00:00:00',1,NULL,'2025-03-12 13:00:00','pendente','2025-03-12 16:10:00',1,0.00,23,0,0,'aguardando',185),(151,1,'2025-03-12 00:00:00',1,NULL,'2025-03-12 13:00:00','pendente','2025-03-12 16:10:00',1,0.00,23,0,0,'aguardando',192),(152,1,'2025-03-12 00:00:00',1,NULL,'2025-03-12 11:00:00','pix','2025-03-12 12:45:00',1,NULL,1,0,0,'aguardando',228),(153,1,'2025-03-15 00:00:00',1,NULL,'2025-03-15 11:30:00','credito','2025-03-15 15:30:00',1,NULL,2,0,0,'aguardando',230),(154,1,'2025-03-15 00:00:00',1,NULL,'2025-03-15 11:30:00','credito','2025-03-15 15:30:00',1,NULL,2,0,0,'aguardando',229),(158,1,'2025-03-12 00:00:00',1,NULL,'2025-03-12 09:00:00','dinheiro','2025-03-12 11:40:00',1,NULL,23,0,0,'aguardando',128),(159,1,'2025-03-12 00:00:00',1,NULL,'2025-03-12 13:30:00','pix','2025-03-12 16:10:00',1,7.00,4,0,0,'aguardando',231),(160,1,'2025-03-12 00:00:00',1,NULL,'2025-03-12 14:30:00','pix','2025-03-12 17:00:00',1,7.00,4,0,0,'aguardando',232),(161,1,'2025-03-12 00:00:00',1,NULL,'2025-03-12 13:45:00','pix','2025-03-12 17:04:00',1,7.00,2,0,0,'aguardando',233),(162,1,'2025-03-14 00:00:00',0,NULL,'2025-03-14 09:40:00','pendente','2025-03-14 13:00:00',1,15.00,1,0,0,'aguardando',234),(163,1,'2025-03-13 00:00:00',1,NULL,'2025-03-13 09:30:00','dinheiro','2025-03-13 13:00:00',1,0.00,23,0,0,'aguardando',131),(164,1,'2025-03-13 00:00:00',1,NULL,'2025-03-13 09:00:00','dinheiro','2025-03-13 13:00:00',1,0.00,23,0,0,'aguardando',153),(169,1,'2025-03-13 00:00:00',1,NULL,'2025-03-13 10:30:00','dinheiro','2025-03-13 14:40:00',1,0.00,23,0,0,'aguardando',132),(170,1,'2025-03-13 00:00:00',1,NULL,'2025-03-13 13:30:00','dinheiro','2025-03-13 16:28:00',1,0.00,23,0,0,'aguardando',158),(171,1,'2025-03-13 00:00:00',1,NULL,'2025-03-13 13:30:00','dinheiro','2025-03-13 16:28:00',1,0.00,23,0,0,'aguardando',157),(172,1,'2025-03-13 00:00:00',1,NULL,'2025-03-13 14:00:00','credito','2025-03-13 16:00:00',1,NULL,9,0,0,'aguardando',163),(173,1,'2025-03-14 00:00:00',0,NULL,'2025-03-14 09:30:00','dinheiro','2025-03-14 14:00:00',1,0.00,23,0,0,'aguardando',150),(174,1,'2025-03-14 00:00:00',0,NULL,'2025-03-14 09:30:00','pix','2025-03-14 14:00:00',1,0.00,23,0,0,'aguardando',103),(175,1,'2025-03-14 00:00:00',1,NULL,'2025-03-14 11:00:00','dinheiro','2025-03-14 15:00:00',1,NULL,23,0,0,'aguardando',193),(176,1,'2025-03-14 00:00:00',1,NULL,'2025-03-14 09:30:00','dinheiro','2025-03-14 14:00:00',1,7.00,1,0,0,'aguardando',191),(177,1,'2025-03-14 00:00:00',1,NULL,'2025-03-14 13:30:00','dinheiro','2025-03-14 17:00:00',1,NULL,9,0,0,'aguardando',147),(179,1,'2025-03-14 00:00:00',0,NULL,'2025-03-14 10:30:00','dinheiro',NULL,1,0.00,23,0,0,'aguardando',140),(180,1,'2025-03-14 00:00:00',0,NULL,'2025-03-14 10:30:00','dinheiro',NULL,1,0.00,23,0,0,'aguardando',141),(181,1,'2025-03-14 00:00:00',1,NULL,'2025-03-14 09:30:00','pix','2025-03-14 13:00:00',1,0.00,29,0,0,'aguardando',235),(182,1,'2025-03-12 00:00:00',1,NULL,'2025-03-12 14:20:00','debito','2025-03-12 15:35:00',1,NULL,30,0,0,'aguardando',236),(183,1,'2025-03-12 00:00:00',1,NULL,'2025-03-12 14:20:00','debito','2025-03-12 15:35:00',1,NULL,30,0,0,'aguardando',237),(184,1,'2025-03-12 00:00:00',0,NULL,'2025-03-12 15:00:00','pendente',NULL,1,0.00,18,0,0,'aguardando',238),(185,1,'2025-03-15 00:00:00',1,NULL,'2025-03-15 10:00:00','credito','2025-03-15 13:03:00',1,10.00,1,0,0,'aguardando',239),(187,1,'2025-03-13 00:00:00',1,NULL,'2025-03-13 10:30:00','dinheiro','2025-03-13 14:40:00',1,NULL,13,0,0,'aguardando',100),(189,1,'2025-03-13 00:00:00',1,NULL,'2025-03-13 09:00:00','dinheiro','2025-03-13 11:00:00',1,NULL,23,0,0,'aguardando',142),(190,1,'2025-03-13 00:00:00',1,NULL,'2025-03-13 09:00:00','dinheiro','2025-03-13 11:00:00',1,NULL,23,0,0,'aguardando',143),(191,1,'2025-03-13 00:00:00',1,NULL,'2025-03-13 09:00:00','dinheiro','2025-03-13 10:00:00',1,NULL,23,0,0,'aguardando',145),(192,1,'2025-03-13 00:00:00',1,NULL,'2025-03-13 09:00:00','dinheiro','2025-03-13 11:00:00',1,NULL,23,0,0,'aguardando',144),(193,1,'2025-03-13 00:00:00',1,NULL,'2025-03-13 11:00:00','pix','2025-03-13 14:00:00',1,10.00,31,0,0,'aguardando',242),(194,1,'2025-03-13 00:00:00',1,NULL,'2025-03-13 11:00:00','pix','2025-03-13 14:00:00',1,0.00,1,0,0,'aguardando',241),(195,1,'2025-03-13 00:00:00',1,NULL,'2025-03-13 09:40:00','credito','2025-03-13 15:41:00',1,NULL,32,0,0,'aguardando',244),(196,1,'2025-03-13 00:00:00',1,NULL,'2025-03-13 10:30:00','dinheiro','2025-03-13 16:28:00',1,7.00,15,0,0,'aguardando',243),(197,1,'2025-03-13 00:00:00',1,NULL,'2025-03-13 10:00:00','dinheiro','2025-03-13 16:28:00',1,7.00,4,0,0,'aguardando',245),(198,1,'2025-03-13 00:00:00',0,NULL,'2025-03-13 10:00:00','pix','2025-03-13 14:00:00',1,10.00,1,0,0,'aguardando',246),(199,1,'2025-03-14 00:00:00',1,NULL,'2025-03-14 09:40:00','pendente','2025-03-14 11:29:00',1,NULL,23,0,0,'aguardando',169),(200,1,'2025-03-14 00:00:00',0,NULL,'2025-03-15 08:30:00','dinheiro','2025-03-18 12:00:00',1,NULL,9,0,0,'aguardando',112),(201,1,'2025-03-15 00:00:00',1,NULL,'2025-03-15 08:30:00','pix','2025-03-15 11:50:00',1,0.00,23,0,0,'aguardando',109),(202,1,'2025-03-15 00:00:00',1,NULL,'2025-03-15 08:40:00','pix','2025-03-15 11:50:00',1,0.00,33,0,0,'aguardando',110),(203,1,'2025-03-15 00:00:00',1,NULL,'2025-03-15 08:40:00','pendente','2025-03-15 11:50:00',1,0.00,34,0,0,'aguardando',247),(204,1,'2025-03-14 00:00:00',1,NULL,'2025-03-14 11:00:00','pix','2025-03-14 15:20:00',1,15.00,1,0,0,'aguardando',240),(207,1,'2025-03-14 00:00:00',1,NULL,'2025-03-14 09:00:00','dinheiro','2025-03-14 12:00:00',1,0.00,1,0,0,'aguardando',250),(208,1,'2025-03-14 00:00:00',1,NULL,'2025-03-14 09:00:00','dinheiro','2025-03-14 12:00:00',1,0.00,1,0,0,'aguardando',251),(209,1,'2025-03-13 00:00:00',0,NULL,'2025-03-13 14:40:00','pix','2025-03-13 17:22:00',1,7.00,17,0,0,'aguardando',252),(210,1,'2025-03-13 00:00:00',0,NULL,'2025-03-13 15:40:00','pendente','2025-03-13 17:30:00',1,0.00,35,0,0,'aguardando',253),(211,1,'2025-03-13 00:00:00',0,NULL,'2025-03-13 15:40:00','pendente','2025-03-13 17:30:00',1,0.00,23,0,0,'aguardando',255),(212,1,'2025-03-14 00:00:00',1,NULL,'2025-03-14 09:00:00','credito','2025-03-14 15:00:00',1,NULL,4,0,0,'aguardando',256),(213,1,'2025-03-14 00:00:00',1,NULL,'2025-03-14 09:00:00','credito','2025-03-14 15:00:00',1,NULL,4,0,0,'aguardando',257),(214,1,'2025-03-14 00:00:00',0,NULL,'2025-03-14 16:30:00','dinheiro','2025-03-15 17:30:00',1,0.00,23,0,0,'aguardando',184),(215,1,'2025-03-14 00:00:00',0,NULL,'2025-03-14 11:30:00','pendente','2025-03-14 17:00:00',1,NULL,4,0,0,'aguardando',248),(216,1,'2025-03-14 00:00:00',1,NULL,'2025-03-14 14:00:00','pix','2025-03-14 15:30:00',1,7.00,1,0,0,'aguardando',258),(217,1,'2025-03-14 00:00:00',1,NULL,'2025-03-14 15:00:00','credito','2025-03-15 17:00:00',1,NULL,1,0,0,'aguardando',259),(220,1,'2025-03-14 00:00:00',1,NULL,'2025-03-14 15:00:00','credito','2025-03-15 17:30:00',1,7.00,14,0,0,'aguardando',262),(221,1,'2025-03-15 00:00:00',1,NULL,'2025-03-15 08:30:00','credito','2025-03-15 11:00:00',1,12.00,1,0,0,'aguardando',260),(222,1,'2025-03-14 00:00:00',1,NULL,'2025-03-14 15:00:00','credito','2025-03-14 17:00:00',1,NULL,18,0,0,'aguardando',261),(223,1,'2025-03-15 00:00:00',1,NULL,'2025-03-15 08:30:00','credito','2025-03-15 11:00:00',1,NULL,1,0,0,'aguardando',263),(225,1,'2025-03-15 00:00:00',1,NULL,'2025-03-15 08:30:00','credito','2025-03-15 13:00:00',1,NULL,4,0,0,'aguardando',264),(226,1,'2025-03-15 00:00:00',1,NULL,'2025-03-15 12:00:00','pix','2025-03-15 14:00:00',1,7.00,1,0,0,'aguardando',265),(227,1,'2025-03-15 00:00:00',1,NULL,'2025-03-15 12:00:00','pix','2025-03-15 14:00:00',1,0.00,17,0,0,'aguardando',266),(228,1,'2025-03-15 00:00:00',1,NULL,'2025-03-15 10:30:00','credito','2025-03-15 11:00:00',1,7.00,14,0,0,'aguardando',267),(229,1,'2025-03-15 00:00:00',1,NULL,'2025-03-15 10:50:00','pendente','2025-03-15 14:23:00',1,7.00,14,0,0,'aguardando',115),(230,1,'2025-03-15 00:00:00',1,NULL,'2025-03-15 11:00:00','pix','2025-03-15 13:20:00',1,7.00,1,0,0,'aguardando',135),(231,1,'2025-03-15 00:00:00',1,NULL,'2025-03-15 11:00:00','credito','2025-03-15 14:50:00',1,NULL,14,0,0,'aguardando',117),(232,1,'2025-03-17 00:00:00',1,NULL,'2025-03-17 09:30:00','credito','2025-03-17 13:20:00',1,7.00,4,0,0,'aguardando',268),(233,1,'2025-03-17 00:00:00',1,NULL,'2025-03-17 09:00:00','dinheiro','2025-03-17 11:00:00',1,NULL,23,0,0,'aguardando',125),(234,1,'2025-03-17 00:00:00',1,NULL,'2025-03-17 09:00:00','dinheiro','2025-03-17 11:00:00',1,NULL,23,0,0,'aguardando',124),(235,1,'2025-03-17 00:00:00',1,NULL,'2025-03-17 09:00:00','dinheiro','2025-03-17 13:20:00',1,0.00,23,0,0,'aguardando',219),(236,1,'2025-03-17 00:00:00',1,NULL,'2025-03-17 11:00:00','credito','2025-03-17 11:44:00',1,NULL,11,0,0,'aguardando',269),(237,1,'2025-03-17 00:00:00',1,NULL,'2025-03-17 15:30:00','dinheiro','2025-03-17 16:46:00',1,NULL,23,0,0,'aguardando',170),(238,1,'2025-03-17 00:00:00',1,NULL,'2025-03-17 15:30:00','dinheiro','2025-03-17 16:46:00',1,NULL,23,0,0,'aguardando',213),(239,1,'2025-03-17 00:00:00',0,NULL,'2025-03-17 13:30:00','pendente','2025-03-17 15:00:00',1,0.00,36,0,0,'aguardando',220),(240,1,'2025-03-17 00:00:00',1,NULL,'2025-03-17 11:35:00','pix','2025-03-17 13:00:00',1,NULL,1,0,0,'aguardando',270),(241,1,'2025-03-17 00:00:00',1,NULL,'2025-03-17 13:20:00','credito','2025-03-17 15:00:00',1,7.00,1,0,0,'aguardando',271),(242,1,'2025-03-17 00:00:00',1,NULL,'2025-03-17 14:15:00','dinheiro','2025-03-17 16:04:00',1,NULL,37,0,0,'aguardando',272),(243,1,'2025-03-17 00:00:00',1,NULL,'2025-03-17 14:30:00','dinheiro','2025-03-17 15:50:00',1,0.00,23,0,0,'aguardando',131),(246,1,'2025-03-22 00:00:00',1,NULL,'2025-03-22 09:00:00','pix','2025-03-22 12:13:00',1,0.00,4,0,0,'aguardando',273),(248,1,'2025-03-18 00:00:00',1,NULL,'2025-03-18 09:00:00','credito','2025-03-18 11:30:00',1,0.00,23,0,0,'aguardando',156),(249,1,'2025-03-18 00:00:00',1,NULL,'2025-03-18 09:30:00','dinheiro','2025-03-18 11:30:00',1,0.00,23,0,0,'aguardando',154),(250,1,'2025-03-18 00:00:00',1,NULL,'2025-03-18 10:30:00','dinheiro','2025-03-18 12:20:00',1,NULL,23,0,0,'aguardando',146),(251,1,'2025-03-18 00:00:00',0,NULL,'2025-03-18 13:00:00','dinheiro','2025-03-18 14:20:00',1,NULL,23,0,0,'aguardando',162),(253,1,'2025-03-18 00:00:00',1,NULL,'2025-03-18 10:00:00','pendente','2025-03-18 12:00:00',1,NULL,9,0,0,'aguardando',113),(254,1,'2025-03-18 00:00:00',1,NULL,'2025-03-18 09:00:00','debito','2025-03-18 11:30:00',1,NULL,17,0,0,'aguardando',276),(255,1,'2025-03-18 00:00:00',1,NULL,'2025-03-18 08:35:00','debito','2025-03-18 10:37:00',1,NULL,1,0,0,'aguardando',277),(256,1,'2025-03-18 00:00:00',1,NULL,'2025-03-18 10:30:00','debito','2025-03-18 13:20:00',1,7.00,4,0,0,'aguardando',278),(257,1,'2025-03-18 00:00:00',1,NULL,'2025-03-18 13:40:00','pix','2025-03-18 14:00:00',1,7.00,1,0,0,'aguardando',279),(258,1,'2025-03-19 00:00:00',1,NULL,'2025-03-19 09:00:00','dinheiro','2025-03-19 10:30:00',1,0.00,23,0,0,'aguardando',148),(259,1,'2025-03-19 00:00:00',1,NULL,'2025-03-19 09:00:00','dinheiro','2025-03-19 10:30:00',1,0.00,23,0,0,'aguardando',149),(260,1,'2025-03-19 00:00:00',1,NULL,'2025-03-19 09:00:00','dinheiro','2025-03-19 10:30:00',1,0.00,23,0,0,'aguardando',187),(261,1,'2025-03-19 00:00:00',1,NULL,'2025-03-19 13:00:00','dinheiro','2025-03-19 15:09:00',1,0.00,23,0,0,'aguardando',174),(262,1,'2025-03-19 00:00:00',1,NULL,'2025-03-19 13:00:00','dinheiro','2025-03-19 15:09:00',1,0.00,23,0,0,'aguardando',175),(263,1,'2025-03-19 00:00:00',1,NULL,'2025-03-19 13:00:00','dinheiro','2025-03-19 15:00:00',1,0.00,23,0,0,'aguardando',185),(264,1,'2025-03-19 00:00:00',1,NULL,'2025-03-19 13:00:00','dinheiro','2025-03-19 15:00:00',1,0.00,23,0,0,'aguardando',192),(265,1,'2025-03-19 00:00:00',1,NULL,'2025-03-19 10:00:00','credito','2025-03-19 11:30:00',1,180.00,23,0,0,'aguardando',138),(266,1,'2025-03-19 00:00:00',1,NULL,'2025-03-19 11:00:00','pendente','2025-03-19 17:00:00',1,NULL,9,0,0,'aguardando',126),(267,1,'2025-03-19 00:00:00',1,NULL,'2025-03-19 11:00:00','pendente','2025-03-19 17:00:00',1,NULL,9,0,0,'aguardando',127),(268,1,'2025-03-19 00:00:00',1,NULL,'2025-03-19 15:00:00','pendente','2025-03-19 17:49:00',1,NULL,14,0,0,'aguardando',171),(269,1,'2025-03-19 00:00:00',1,NULL,'2025-03-19 15:00:00','pendente','2025-03-19 17:48:00',1,NULL,23,0,0,'aguardando',172),(270,1,'2025-03-19 00:00:00',1,NULL,'2025-03-19 09:00:00','dinheiro','2025-03-19 12:00:00',1,NULL,23,0,0,'aguardando',128),(271,1,'2025-03-21 00:00:00',1,NULL,'2025-03-21 09:00:00','dinheiro','2025-03-21 10:00:00',1,0.00,23,0,0,'aguardando',153),(274,1,'2025-03-19 00:00:00',1,NULL,'2025-03-19 09:00:00','dinheiro','2025-03-19 10:30:00',1,0.00,23,0,0,'aguardando',190),(275,1,'2025-03-18 00:00:00',1,NULL,'2025-03-18 14:00:00','credito','2025-03-19 18:30:00',1,5.00,31,0,0,'aguardando',280),(276,1,'2025-03-19 00:00:00',1,NULL,'2025-03-19 10:55:00','dinheiro','2025-03-19 15:00:00',1,7.00,23,0,0,'aguardando',238),(277,1,'2025-03-22 00:00:00',1,NULL,'2025-03-22 10:00:00','credito','2025-03-22 14:20:00',1,7.00,12,0,0,'aguardando',282),(280,1,'2025-03-22 00:00:00',1,NULL,'2025-03-22 10:00:00','credito','2025-03-22 14:20:00',1,0.00,1,0,0,'aguardando',284),(283,1,'2025-03-22 00:00:00',1,NULL,'2025-03-22 10:00:00','credito','2025-03-22 14:20:00',1,0.00,12,0,0,'aguardando',281),(287,1,'2025-03-22 00:00:00',1,NULL,'2025-03-22 09:30:00','pix','2025-03-22 12:00:00',1,7.00,1,0,0,'aguardando',186),(288,1,'2025-03-22 00:00:00',1,NULL,'2025-03-22 10:20:00','pix','2025-03-22 14:00:00',1,7.00,4,0,0,'aguardando',287),(289,1,'2025-03-20 00:00:00',1,NULL,'2025-03-20 09:30:00','dinheiro','2025-03-20 11:00:00',1,0.00,23,0,0,'aguardando',131),(290,1,'2025-03-20 00:00:00',1,NULL,'2025-03-20 09:00:00','dinheiro','2025-03-20 11:00:00',1,NULL,23,0,0,'aguardando',142),(291,1,'2025-03-20 00:00:00',1,NULL,'2025-03-20 09:00:00','dinheiro','2025-03-20 11:00:00',1,NULL,23,0,0,'aguardando',145),(292,1,'2025-03-20 00:00:00',1,NULL,'2025-03-20 09:00:00','dinheiro','2025-03-20 11:00:00',1,NULL,23,0,0,'aguardando',144),(293,1,'2025-03-20 00:00:00',1,NULL,'2025-03-20 09:00:00','dinheiro','2025-03-20 11:00:00',1,NULL,23,0,0,'aguardando',143),(294,1,'2025-03-20 00:00:00',1,NULL,'2025-03-20 10:30:00','credito','2025-03-20 15:00:00',1,NULL,23,0,0,'aguardando',132),(295,1,'2025-03-20 00:00:00',0,NULL,'2025-03-20 13:30:00','dinheiro','2025-03-20 15:00:00',1,0.00,23,0,0,'aguardando',158),(296,1,'2025-03-20 00:00:00',1,NULL,'2025-03-20 13:30:00','pendente',NULL,1,0.00,23,0,0,'aguardando',157),(297,1,'2025-03-20 00:00:00',1,NULL,'2025-03-20 14:00:00','dinheiro','2025-03-20 17:57:00',1,NULL,23,0,0,'aguardando',163),(298,1,'2025-03-20 00:00:00',1,NULL,'2025-03-20 09:30:00','dinheiro','2025-03-20 15:00:00',1,NULL,1,0,0,'aguardando',226),(299,1,'2025-03-20 00:00:00',1,NULL,'2025-03-20 09:00:00','dinheiro',NULL,1,0.00,23,0,0,'aguardando',230),(300,1,'2025-03-20 00:00:00',0,NULL,'2025-03-20 10:00:00','credito','2025-03-20 13:30:00',1,7.00,1,0,0,'aguardando',288),(301,1,'2025-03-20 00:00:00',0,NULL,'2025-03-20 10:00:00','credito','2025-03-20 13:03:00',1,0.00,1,0,0,'aguardando',289),(302,1,'2025-03-20 00:00:00',1,NULL,'2025-03-20 11:20:00','pix','2025-03-20 14:00:00',1,15.00,14,0,0,'aguardando',290),(303,1,'2025-03-20 00:00:00',1,NULL,'2025-03-20 11:00:00','credito','2025-03-20 14:00:00',1,15.00,1,0,0,'aguardando',291),(304,1,'2025-03-21 00:00:00',1,NULL,'2025-03-21 09:00:00','credito','2025-03-21 11:00:00',1,NULL,4,0,0,'aguardando',292),(305,1,'2025-03-21 00:00:00',1,NULL,'2025-03-21 09:00:00','credito','2025-03-21 10:00:00',1,NULL,4,0,0,'aguardando',293),(306,1,'2025-03-20 00:00:00',0,NULL,'2025-03-20 14:00:00','dinheiro','2025-03-20 15:40:00',1,0.00,23,0,0,'aguardando',166),(307,1,'2025-03-22 00:00:00',1,NULL,'2025-03-22 10:00:00','pix','2025-03-22 14:36:00',1,7.00,1,0,0,'aguardando',294),(308,1,'2025-03-20 00:00:00',0,NULL,'2025-03-20 11:00:00','pendente','2025-03-20 14:50:00',1,7.00,1,0,0,'aguardando',295),(309,1,'2025-03-20 00:00:00',1,NULL,'2025-03-20 11:30:00','credito','2025-03-20 15:00:00',1,7.00,1,0,0,'aguardando',296),(310,1,'2025-03-21 00:00:00',1,NULL,'2025-03-21 09:00:00','credito','2025-03-21 10:50:00',1,0.00,38,0,0,'aguardando',164),(311,1,'2025-03-21 00:00:00',1,NULL,'2025-03-21 09:30:00','dinheiro','2025-03-21 11:30:00',1,0.00,23,0,0,'aguardando',150),(312,1,'2025-03-21 00:00:00',1,NULL,'2025-03-21 09:30:00','dinheiro','2025-03-21 11:00:00',1,0.00,1,0,0,'aguardando',191),(313,1,'2025-03-21 00:00:00',1,NULL,'2025-03-21 13:30:00','dinheiro','2025-03-21 15:00:00',1,NULL,23,0,0,'aguardando',147),(314,1,'2025-03-21 00:00:00',1,NULL,'2025-03-21 09:30:00','dinheiro','2025-03-21 15:05:00',1,0.00,23,0,0,'aguardando',173),(315,1,'2025-03-21 00:00:00',1,NULL,'2025-03-21 10:30:00','dinheiro','2025-03-21 14:20:00',1,0.00,23,0,0,'aguardando',140),(320,1,'2025-03-22 00:00:00',1,NULL,'2025-03-22 09:00:00','dinheiro','2025-03-22 11:40:00',1,0.00,39,0,0,'aguardando',298),(321,1,'2025-03-21 00:00:00',1,NULL,'2025-03-21 14:30:00','credito','2025-03-21 14:20:00',1,NULL,14,0,0,'aguardando',299),(322,1,'2025-03-22 00:00:00',1,NULL,'2025-03-22 09:00:00','pix','2025-03-22 13:00:00',1,NULL,40,0,0,'aguardando',300),(323,1,'2025-03-20 00:00:00',0,NULL,'2025-03-20 15:00:00','pix','2025-03-20 16:45:00',1,2.00,21,0,0,'aguardando',297),(324,1,'2025-03-20 00:00:00',0,NULL,'2025-03-20 15:30:00','pix',NULL,1,7.00,1,0,0,'aguardando',301),(326,1,'2025-03-20 00:00:00',1,NULL,'2025-03-20 13:00:00','credito','2025-03-20 16:00:00',1,NULL,1,0,0,'aguardando',156),(327,1,'2025-03-20 00:00:00',1,NULL,'2025-03-20 16:00:00','pix','2025-03-20 17:40:00',1,7.00,4,0,0,'aguardando',303),(328,1,'2025-03-20 00:00:00',1,NULL,'2025-03-20 16:00:00','pix','2025-03-20 17:40:00',1,0.00,4,0,0,'aguardando',304),(329,1,'2025-03-21 00:00:00',1,NULL,'2025-03-21 13:30:00','credito','2025-03-21 17:50:00',1,15.00,11,0,0,'aguardando',305),(330,1,'2025-03-21 00:00:00',1,NULL,'2025-03-21 13:30:00','credito','2025-03-21 17:50:00',1,0.00,1,0,0,'aguardando',306),(331,1,'2025-03-21 00:00:00',1,NULL,'2025-03-21 13:30:00','debito','2025-03-21 17:50:00',1,0.00,14,0,0,'aguardando',307),(332,1,'2025-03-21 00:00:00',1,NULL,'2025-03-21 13:30:00','debito','2025-03-21 17:50:00',1,0.00,11,0,0,'aguardando',308),(333,1,'2025-03-21 00:00:00',1,NULL,'2025-03-21 17:30:00','pix',NULL,1,20.00,9,0,0,'aguardando',134),(334,1,'2025-03-21 00:00:00',1,NULL,'2025-03-21 10:30:00','dinheiro','2025-03-21 14:30:00',1,0.00,23,0,0,'aguardando',141),(335,1,'2025-03-21 00:00:00',1,NULL,'2025-03-21 09:50:00','pix','2025-03-21 11:00:00',1,18.00,1,0,0,'aguardando',309),(336,1,'2025-03-21 00:00:00',1,NULL,'2025-03-21 09:50:00','pix','2025-03-21 11:00:00',1,0.00,1,0,0,'aguardando',310),(338,1,'2025-03-21 00:00:00',1,NULL,'2025-03-21 10:00:00','dinheiro','2025-03-21 14:00:00',1,7.00,1,0,0,'aguardando',313),(339,1,'2025-03-21 00:00:00',1,NULL,'2025-03-21 10:00:00','credito','2025-03-21 14:00:00',1,0.00,1,0,0,'aguardando',312),(340,1,'2025-03-22 00:00:00',1,NULL,'2025-03-22 10:30:00','credito','2025-03-22 13:30:00',1,NULL,4,0,0,'aguardando',315),(341,1,'2025-03-22 00:00:00',1,NULL,'2025-03-22 10:30:00','credito','2025-03-22 13:30:00',1,NULL,4,0,0,'aguardando',314),(342,1,'2025-03-21 00:00:00',1,NULL,'2025-03-21 09:40:00','debito','2025-03-21 12:30:00',1,7.00,37,0,0,'aguardando',302),(343,1,'2025-03-21 00:00:00',1,NULL,'2025-03-21 10:20:00','pix','2025-03-21 14:00:00',1,7.00,1,0,0,'aguardando',152),(344,1,'2025-03-21 00:00:00',1,NULL,'2025-03-21 10:20:00','pix','2025-03-21 14:00:00',1,0.00,1,0,0,'aguardando',151),(346,1,'2025-03-21 00:00:00',1,NULL,'2025-03-21 16:30:00','dinheiro','2025-03-21 17:50:00',1,0.00,23,0,0,'aguardando',184),(347,1,'2025-03-21 00:00:00',1,NULL,'2025-03-21 15:00:00','credito','2025-03-21 16:55:00',1,7.00,1,0,0,'aguardando',316),(349,1,'2025-03-22 00:00:00',1,NULL,'2025-03-22 08:40:00','dinheiro','2025-03-22 10:00:00',1,0.00,23,0,0,'aguardando',109),(350,1,'2025-03-22 00:00:00',1,NULL,'2025-03-22 08:40:00','pix','2025-03-22 10:00:00',1,0.00,23,0,0,'aguardando',110),(351,1,'2025-03-22 00:00:00',1,NULL,'2025-03-22 08:40:00','dinheiro','2025-03-22 10:00:00',1,0.00,23,0,0,'aguardando',247),(352,1,'2025-03-22 00:00:00',1,NULL,'2025-03-22 08:30:00','dinheiro','2025-03-22 10:00:00',1,NULL,23,0,0,'aguardando',112),(353,1,'2025-03-22 00:00:00',1,NULL,'2025-03-22 08:40:00','pix','2025-03-22 09:30:00',1,NULL,1,0,0,'aguardando',105),(354,1,'2025-03-22 00:00:00',1,NULL,'2025-03-22 11:30:00','credito','2025-03-22 15:30:00',1,NULL,13,0,0,'aguardando',319),(355,1,'2025-03-22 00:00:00',1,NULL,'2025-03-22 11:30:00','credito','2025-03-22 15:30:00',1,NULL,13,0,0,'aguardando',318),(356,1,'2025-03-22 00:00:00',1,NULL,'2025-03-22 10:40:00','pix','2025-03-22 16:00:00',1,10.00,4,0,0,'aguardando',320),(357,1,'2025-03-22 00:00:00',1,NULL,'2025-03-22 10:40:00','pix','2025-03-22 16:00:00',1,0.00,1,0,0,'aguardando',321),(358,1,'2025-03-22 00:00:00',1,NULL,'2025-03-22 10:20:00','pix','2025-03-22 14:40:00',1,5.00,1,0,0,'aguardando',200),(359,1,'2025-03-22 00:00:00',1,NULL,'2025-03-22 13:00:00','debito','2025-03-22 15:00:00',1,7.00,1,0,0,'aguardando',322),(360,1,'2025-03-22 00:00:00',0,NULL,'2025-03-22 10:00:00','dinheiro','2025-03-22 14:50:00',1,15.00,1,0,0,'aguardando',323),(361,1,'2025-03-22 00:00:00',0,NULL,'2025-03-22 10:00:00','dinheiro','2025-03-22 14:50:00',1,0.00,1,0,0,'aguardando',324),(362,1,'2025-03-22 00:00:00',0,NULL,'2025-03-22 10:00:00','dinheiro','2025-03-22 14:50:00',1,0.00,1,0,0,'aguardando',325),(363,1,'2025-03-22 00:00:00',1,NULL,'2025-03-22 11:00:00','pix','2025-03-22 14:33:00',1,20.00,2,0,0,'aguardando',285),(364,1,'2025-03-22 00:00:00',1,NULL,'2025-03-22 11:00:00','pix','2025-03-22 14:33:00',1,0.00,1,0,0,'aguardando',286),(365,1,'2025-03-22 00:00:00',1,NULL,'2025-03-22 11:30:00','credito','2025-03-22 15:00:00',1,7.00,4,0,0,'aguardando',326),(366,1,'2025-03-22 00:00:00',1,NULL,'2025-03-22 13:30:00','pix','2025-03-22 15:50:00',1,7.00,41,0,0,'aguardando',327),(367,1,'2025-03-22 00:00:00',1,NULL,'2025-03-22 13:30:00','pix','2025-03-22 15:55:00',1,7.00,3,0,0,'aguardando',104),(368,1,'2025-03-22 00:00:00',1,NULL,'2025-03-22 13:50:00','credito',NULL,1,NULL,2,0,0,'aguardando',330),(370,1,'2025-03-22 00:00:00',1,NULL,'2025-03-22 14:00:00','credito','2025-03-22 15:30:00',1,7.00,1,0,0,'aguardando',135),(371,1,'2025-03-22 00:00:00',1,NULL,'2025-03-22 14:50:00','credito','2025-03-22 15:03:00',1,NULL,2,0,0,'aguardando',330),(372,1,'2025-03-24 00:00:00',1,NULL,'2025-03-24 09:00:00','dinheiro','2025-03-24 10:30:00',1,NULL,23,0,0,'aguardando',124),(373,1,'2025-03-24 00:00:00',1,NULL,'2025-03-24 09:00:00','dinheiro','2025-03-24 10:30:00',1,NULL,23,0,0,'aguardando',125),(374,1,'2025-03-24 00:00:00',1,NULL,'2025-03-24 09:00:00','dinheiro','2025-03-24 11:00:00',1,0.00,23,0,0,'aguardando',219),(375,1,'2025-03-24 00:00:00',1,NULL,'2025-03-24 10:30:00','dinheiro','2025-03-24 11:00:00',1,0.00,23,0,0,'aguardando',139),(376,1,'2025-03-24 00:00:00',1,NULL,'2025-03-24 13:30:00','dinheiro','2025-03-24 15:00:00',1,0.00,36,0,0,'aguardando',220),(377,1,'2025-03-24 00:00:00',1,NULL,'2025-03-24 15:30:00','dinheiro','2025-03-24 17:45:00',1,NULL,23,0,0,'aguardando',170),(378,1,'2025-03-24 00:00:00',1,NULL,'2025-03-24 15:30:00','dinheiro','2025-03-24 17:45:00',1,NULL,23,0,0,'aguardando',213),(379,1,'2025-03-24 00:00:00',1,NULL,'2025-03-24 09:30:00','dinheiro','2025-03-24 10:00:00',1,0.00,23,0,0,'aguardando',218),(380,1,'2025-03-24 00:00:00',1,NULL,'2025-03-24 13:00:00','dinheiro','2025-03-24 15:30:00',1,0.00,23,0,0,'aguardando',194),(381,1,'2025-03-24 00:00:00',1,NULL,'2025-03-24 10:30:00','pix','2025-03-24 15:00:00',1,7.00,1,0,0,'aguardando',331),(383,1,'2025-03-24 00:00:00',1,NULL,'2025-03-24 14:30:00','credito','2025-03-24 16:00:00',1,NULL,1,0,0,'aguardando',275),(384,1,'2025-03-24 00:00:00',1,NULL,'2025-03-24 14:00:00','pix','2025-03-24 16:20:00',1,5.00,2,0,0,'aguardando',333),(385,1,'2025-03-25 00:00:00',1,NULL,'2025-03-25 13:30:00','pix','2025-03-25 16:20:00',1,12.00,1,0,0,'aguardando',334),(387,1,'2025-03-25 00:00:00',1,NULL,'2025-03-25 09:00:00','dinheiro','2025-03-25 11:00:00',1,0.00,23,0,0,'aguardando',156),(388,1,'2025-03-25 00:00:00',1,NULL,'2025-03-25 09:30:00','dinheiro','2025-03-25 11:00:00',1,0.00,23,0,0,'aguardando',154),(389,1,'2025-03-25 00:00:00',1,NULL,'2025-03-25 10:30:00','dinheiro','2025-03-25 11:50:00',1,NULL,23,0,0,'aguardando',146),(390,1,'2025-03-25 00:00:00',1,NULL,'2025-03-25 13:00:00','dinheiro','2025-03-25 15:03:00',1,NULL,23,0,0,'aguardando',162),(391,1,'2025-03-25 00:00:00',1,NULL,'2025-03-25 09:00:00','dinheiro','2025-03-25 12:20:00',1,NULL,23,0,0,'aguardando',128),(392,1,'2025-03-24 00:00:00',1,NULL,'2025-03-24 11:00:00','pix','2025-03-24 15:00:00',1,NULL,1,0,0,'aguardando',332),(393,1,'2025-03-25 00:00:00',1,NULL,'2025-03-25 10:00:00','credito','2025-03-25 16:00:00',1,7.00,4,0,0,'aguardando',335),(394,1,'2025-03-25 00:00:00',1,NULL,'2025-03-25 10:00:00','credito','2025-03-25 16:00:00',1,0.00,4,0,0,'aguardando',336),(395,1,'2025-03-25 00:00:00',1,NULL,'2025-03-25 10:00:00','credito','2025-03-25 16:00:00',1,0.00,4,0,0,'aguardando',337),(396,1,'2025-03-25 00:00:00',1,NULL,'2025-03-25 10:00:00','credito','2025-03-25 16:00:00',1,0.00,4,0,0,'aguardando',338),(397,1,'2025-03-25 00:00:00',1,NULL,'2025-03-25 10:00:00','credito','2025-03-25 16:00:00',1,0.00,4,0,0,'aguardando',339),(399,1,'2025-03-25 00:00:00',1,NULL,'2025-03-25 13:00:00','pix','2025-03-25 15:40:00',1,32.00,9,0,0,'aguardando',342),(400,1,'2025-03-29 00:00:00',1,NULL,'2025-03-29 09:00:00','pix','2025-03-29 11:10:00',1,NULL,1,0,0,'aguardando',259),(401,1,'2025-03-26 00:00:00',1,NULL,'2025-03-26 10:00:00','dinheiro','2025-03-26 13:00:00',1,NULL,23,0,0,'aguardando',187),(402,1,'2025-03-26 00:00:00',1,NULL,'2025-03-26 10:00:00','dinheiro','2025-03-26 13:00:00',1,NULL,23,0,0,'aguardando',130),(403,1,'2025-03-26 00:00:00',1,NULL,'2025-03-26 10:00:00','dinheiro','2025-03-26 13:00:00',1,NULL,23,0,0,'aguardando',129),(404,1,'2025-03-26 00:00:00',1,NULL,'2025-03-26 11:50:00','credito','2025-03-26 14:30:00',1,38.00,9,0,0,'aguardando',343),(405,1,'2025-03-26 00:00:00',1,NULL,'2025-03-26 13:30:00','credito','2025-03-26 15:38:00',1,10.00,4,0,0,'aguardando',344),(406,1,'2025-03-26 00:00:00',1,NULL,'2025-03-26 13:30:00','dinheiro','2025-03-26 16:00:00',1,NULL,23,0,0,'aguardando',174),(407,1,'2025-03-26 00:00:00',1,NULL,'2025-03-26 13:30:00','dinheiro','2025-03-26 16:00:00',1,NULL,23,0,0,'aguardando',175),(408,1,'2025-03-26 00:00:00',1,NULL,'2025-03-26 13:30:00','dinheiro','2025-03-26 16:00:00',1,NULL,23,0,0,'aguardando',185),(409,1,'2025-03-26 00:00:00',1,NULL,'2025-03-26 13:30:00','dinheiro','2025-03-26 16:00:00',1,NULL,23,0,0,'aguardando',192),(410,1,'2025-03-26 00:00:00',1,NULL,'2025-03-26 09:30:00','pix','2025-03-26 11:50:00',1,7.00,2,0,0,'aguardando',345),(411,1,'2025-03-26 00:00:00',1,NULL,'2025-03-26 13:00:00','dinheiro','2025-03-26 16:00:00',1,NULL,23,0,0,'aguardando',126),(412,1,'2025-03-26 00:00:00',1,NULL,'2025-03-26 13:00:00','dinheiro','2025-03-26 16:00:00',1,NULL,23,0,0,'aguardando',127),(413,1,'2025-03-26 00:00:00',0,NULL,'2025-03-26 14:00:00','pendente','2025-03-26 15:30:00',1,NULL,34,0,0,'aguardando',346),(414,1,'2025-03-27 00:00:00',1,NULL,'2025-03-27 09:00:00','dinheiro','2025-03-27 13:00:00',1,NULL,23,0,0,'aguardando',142),(415,1,'2025-03-27 00:00:00',1,NULL,'2025-03-27 09:00:00','dinheiro','2025-03-27 13:00:00',1,NULL,23,0,0,'aguardando',143),(416,1,'2025-03-27 00:00:00',1,NULL,'2025-03-27 09:00:00','dinheiro','2025-03-27 13:00:00',1,NULL,23,0,0,'aguardando',145),(417,1,'2025-03-27 00:00:00',1,NULL,'2025-03-27 09:00:00','dinheiro','2025-03-27 13:00:00',1,NULL,23,0,0,'aguardando',144),(418,1,'2025-03-27 00:00:00',1,NULL,'2025-03-27 14:00:00','dinheiro','2025-03-27 13:00:00',1,15.00,1,0,0,'aguardando',234),(419,1,'2025-03-27 00:00:00',1,NULL,'2025-03-27 10:30:00','dinheiro','2025-03-27 14:30:00',1,0.00,23,0,0,'aguardando',132),(420,1,'2025-03-27 00:00:00',1,NULL,'2025-03-27 11:40:00','pix','2025-03-27 16:00:00',1,NULL,42,0,0,'aguardando',347),(421,1,'2025-03-27 00:00:00',1,NULL,'2025-03-27 11:40:00','pix','2025-03-27 16:00:00',1,NULL,2,0,0,'aguardando',348),(422,1,'2025-03-28 00:00:00',1,NULL,'2025-03-28 09:30:00','dinheiro','2025-03-28 13:40:00',1,0.00,23,0,0,'aguardando',150),(423,1,'2025-03-28 00:00:00',1,NULL,'2025-03-28 09:30:00','dinheiro','2025-03-28 12:00:00',1,7.00,1,0,0,'aguardando',103),(424,1,'2025-03-28 00:00:00',1,NULL,'2025-03-28 13:00:00','dinheiro','2025-03-28 17:00:00',1,NULL,23,0,0,'aguardando',193),(425,1,'2025-03-28 00:00:00',1,NULL,'2025-03-28 09:30:00','dinheiro','2025-03-28 14:00:00',1,7.00,1,0,0,'aguardando',191),(428,1,'2025-03-28 00:00:00',1,NULL,'2025-03-28 10:30:00','dinheiro','2025-03-28 12:00:00',1,0.00,23,0,0,'aguardando',140),(429,1,'2025-03-28 00:00:00',1,NULL,'2025-03-28 10:30:00','dinheiro','2025-03-28 12:00:00',1,0.00,23,0,0,'aguardando',141),(431,1,'2025-03-28 00:00:00',0,NULL,'2025-03-28 16:30:00','dinheiro',NULL,1,0.00,23,0,0,'aguardando',184),(434,1,'2025-03-28 00:00:00',1,NULL,'2025-03-28 13:30:00','dinheiro','2025-03-28 16:55:00',1,NULL,23,0,0,'aguardando',173),(435,1,'2025-03-27 00:00:00',1,NULL,'2025-03-27 16:00:00','pix','2025-03-27 16:50:00',1,7.00,2,0,0,'aguardando',349),(436,1,'2025-03-27 00:00:00',1,NULL,'2025-03-27 13:30:00','credito','2025-03-27 16:48:00',1,NULL,1,0,0,'aguardando',340),(437,1,'2025-03-27 00:00:00',1,NULL,'2025-03-27 14:00:00','dinheiro','2025-03-27 17:20:00',1,NULL,23,0,0,'aguardando',163),(438,1,'2025-03-28 00:00:00',1,NULL,'2025-03-28 13:30:00','pix','2025-03-28 16:55:00',1,NULL,43,0,0,'aguardando',147),(439,1,'2025-03-28 00:00:00',1,NULL,'2025-03-28 09:00:00','dinheiro','2025-03-28 15:00:00',1,0.00,23,0,0,'aguardando',134),(440,1,'2025-03-28 00:00:00',0,NULL,'2025-03-28 09:00:00','pendente','2025-03-28 14:00:00',1,7.00,2,0,0,'aguardando',350),(441,1,'2025-03-28 00:00:00',1,NULL,'2025-03-28 11:00:00','pix','2025-03-28 16:30:00',1,7.00,17,0,0,'aguardando',351),(442,1,'2025-03-28 00:00:00',1,NULL,'2025-03-28 10:15:00','pix','2025-03-28 15:00:00',1,0.00,32,0,0,'aguardando',352),(443,1,'2025-03-28 00:00:00',1,NULL,'2025-03-28 10:00:00','pix','2025-03-28 14:40:00',1,12.00,4,0,0,'aguardando',353),(444,1,'2025-03-28 00:00:00',1,NULL,'2025-03-28 13:15:00','pix','2025-03-28 17:30:00',1,NULL,1,0,0,'aguardando',212),(445,1,'2025-03-28 00:00:00',1,NULL,'2025-03-28 13:15:00','pix','2025-03-28 17:30:00',1,NULL,1,0,0,'aguardando',211),(446,1,'2025-03-28 00:00:00',1,NULL,'2025-03-28 14:00:00','pix','2025-03-28 15:50:00',1,20.00,9,0,0,'aguardando',194),(447,1,'2025-03-28 00:00:00',1,NULL,'2025-03-28 14:00:00','pix','2025-03-28 15:50:00',1,20.00,9,0,0,'aguardando',354),(448,1,'2025-03-28 00:00:00',1,NULL,'2025-03-28 11:30:00','debito','2025-03-28 15:00:00',1,0.00,4,0,0,'aguardando',356),(449,1,'2025-03-28 00:00:00',1,NULL,'2025-03-28 11:30:00','credito','2025-03-28 15:00:00',1,0.00,4,0,0,'aguardando',355),(450,1,'2025-03-28 00:00:00',1,NULL,'2025-03-28 10:45:00','pix','2025-03-28 15:00:00',1,7.00,1,0,0,'aguardando',357),(451,1,'2025-03-28 00:00:00',1,NULL,'2025-03-28 10:45:00','pix','2025-03-28 15:00:00',1,0.00,1,0,0,'aguardando',358),(452,1,'2025-03-28 00:00:00',1,NULL,'2025-03-28 10:10:00','credito','2025-03-28 11:55:00',1,NULL,1,0,0,'aguardando',359),(453,1,'2025-03-28 00:00:00',1,NULL,'2025-03-28 10:10:00','credito','2025-03-28 11:55:00',1,NULL,1,0,0,'aguardando',193),(454,1,'2025-03-28 00:00:00',1,NULL,'2025-03-28 14:00:00','dinheiro','2025-03-28 16:50:00',1,7.00,1,0,0,'aguardando',361),(455,1,'2025-03-29 00:00:00',1,NULL,'2025-03-29 11:00:00','pix','2025-03-29 15:00:00',1,15.00,1,0,0,'aguardando',240),(456,1,'2025-03-29 00:00:00',1,NULL,'2025-03-29 09:00:00','pix','2025-03-29 13:00:00',1,5.00,1,0,0,'aguardando',200),(457,1,'2025-03-29 00:00:00',1,NULL,'2025-03-29 08:40:00','dinheiro','2025-03-29 11:00:00',1,0.00,23,0,0,'aguardando',109),(458,1,'2025-03-29 00:00:00',1,NULL,'2025-03-29 08:30:00','debito','2025-03-29 12:30:00',1,NULL,1,0,0,'aguardando',362),(459,1,'2025-03-29 00:00:00',1,NULL,'2025-03-29 08:40:00','dinheiro','2025-03-29 11:00:00',1,0.00,1,0,0,'aguardando',110),(460,1,'2025-03-29 00:00:00',1,NULL,'2025-03-29 08:40:00','dinheiro','2025-03-29 11:00:00',1,0.00,16,0,0,'aguardando',247),(461,1,'2025-03-29 00:00:00',1,NULL,'2025-03-29 08:30:00','dinheiro','2025-03-29 10:00:00',1,NULL,23,0,0,'aguardando',112),(462,1,'2025-03-29 00:00:00',1,NULL,'2025-03-29 08:40:00','pix','2025-03-29 12:00:00',1,NULL,42,0,0,'aguardando',215),(463,1,'2025-03-29 00:00:00',1,NULL,'2025-03-29 09:20:00','debito','2025-03-29 13:50:00',1,NULL,17,0,0,'aguardando',364),(464,1,'2025-03-29 00:00:00',1,NULL,'2025-03-29 10:40:00','pix','2025-03-29 15:00:00',1,8.00,14,0,0,'aguardando',365),(465,1,'2025-03-29 00:00:00',1,NULL,'2025-03-29 09:00:00','credito','2025-03-29 13:30:00',1,18.00,1,0,0,'aguardando',366),(466,1,'2025-03-29 00:00:00',1,NULL,'2025-03-29 09:25:00','debito','2025-03-29 13:30:00',1,NULL,1,0,0,'aguardando',363),(467,1,'2025-03-29 00:00:00',1,NULL,'2025-03-29 08:30:00','pix','2025-03-29 10:30:00',1,NULL,1,0,0,'aguardando',367),(468,1,'2025-03-29 00:00:00',1,NULL,'2025-03-29 10:00:00','pix','2025-03-29 11:30:00',1,NULL,4,0,0,'aguardando',368),(469,1,'2025-03-29 00:00:00',1,NULL,'2025-03-29 10:06:00','pix','2025-03-29 12:30:00',1,NULL,14,0,0,'aguardando',369),(472,1,'2025-03-29 00:00:00',1,NULL,'2025-03-29 09:00:00','pix','2025-03-29 12:00:00',1,NULL,1,0,0,'aguardando',259),(474,1,'2025-03-29 00:00:00',1,NULL,'2025-03-29 11:15:00','pix','2025-03-29 15:30:00',1,12.00,2,0,0,'aguardando',372),(475,1,'2025-03-29 00:00:00',1,NULL,'2025-03-29 11:40:00','credito','2025-03-29 15:40:00',1,7.00,4,0,0,'aguardando',375),(476,1,'2025-03-29 00:00:00',1,NULL,'2025-03-29 11:40:00','credito','2025-03-29 15:40:00',1,0.00,4,0,0,'aguardando',373),(477,1,'2025-03-29 00:00:00',1,NULL,'2025-03-29 12:20:00','pix','2025-03-31 16:00:00',1,NULL,11,0,0,'aguardando',376),(478,1,'2025-03-29 00:00:00',0,NULL,'2025-03-29 12:00:00','pendente','2025-03-29 15:40:00',1,NULL,11,0,0,'aguardando',377),(479,1,'2025-03-29 00:00:00',1,NULL,'2025-03-29 12:00:00','pix','2025-03-29 15:15:00',1,NULL,1,0,0,'aguardando',329),(480,1,'2025-03-31 00:00:00',1,NULL,'2025-03-31 09:00:00','pendente','2025-03-31 12:00:00',1,NULL,9,0,0,'aguardando',125),(481,1,'2025-03-31 00:00:00',1,NULL,'2025-03-31 09:00:00','pendente','2025-03-31 12:00:00',1,NULL,9,0,0,'aguardando',124),(482,1,'2025-03-31 00:00:00',1,NULL,'2025-03-31 09:00:00','dinheiro','2025-03-31 10:00:00',1,0.00,23,0,0,'aguardando',219),(483,1,'2025-03-31 00:00:00',1,NULL,'2025-03-31 09:00:00','dinheiro','2025-03-31 13:00:00',1,NULL,23,0,0,'aguardando',172),(484,1,'2025-03-31 00:00:00',1,NULL,'2025-03-31 10:30:00','pix','2025-03-31 14:30:00',1,16.00,1,0,0,'aguardando',378),(486,1,'2025-03-31 00:00:00',1,NULL,'2025-03-31 11:20:00','dinheiro','2025-03-31 14:30:00',1,7.00,1,0,0,'aguardando',380),(487,1,'2025-03-31 00:00:00',1,NULL,'2025-03-31 13:30:00','pendente','2025-03-31 15:35:00',1,0.00,36,0,0,'aguardando',220),(488,1,'2025-03-31 00:00:00',1,NULL,'2025-03-31 15:30:00','dinheiro','2025-03-31 17:00:00',1,NULL,23,0,0,'aguardando',170),(489,1,'2025-03-31 00:00:00',1,NULL,'2025-03-31 15:30:00','dinheiro','2025-03-31 17:00:00',1,0.00,23,0,0,'aguardando',213),(490,1,'2025-03-31 00:00:00',1,NULL,'2025-03-31 10:00:00','dinheiro','2025-03-31 13:00:00',1,NULL,23,0,0,'aguardando',171),(491,1,'2025-03-31 00:00:00',1,NULL,'2025-03-31 10:30:00','pix','2025-03-31 14:30:00',1,12.00,10,0,0,'aguardando',379),(493,1,'2025-04-01 00:00:00',1,NULL,'2025-04-01 10:20:00','dinheiro','2025-04-01 16:00:00',1,7.00,3,0,0,'aguardando',243),(494,1,'2025-04-01 00:00:00',1,NULL,'2025-04-01 10:20:00','dinheiro','2025-04-01 16:00:00',1,7.00,3,0,0,'aguardando',245),(495,1,'2025-04-01 00:00:00',1,NULL,'2025-04-01 10:00:00','dinheiro','2025-04-01 11:20:00',1,NULL,23,0,0,'aguardando',156),(496,1,'2025-04-01 00:00:00',1,NULL,'2025-04-01 09:30:00','dinheiro','2025-04-01 10:04:00',1,NULL,23,0,0,'aguardando',154),(497,1,'2025-04-01 00:00:00',0,NULL,'2025-04-01 14:00:00','dinheiro','2025-04-01 17:00:00',1,NULL,23,0,0,'aguardando',113),(499,1,'2025-04-01 00:00:00',1,NULL,'2025-04-01 09:20:00','pix','2025-04-01 13:01:00',1,10.00,4,0,0,'aguardando',382),(500,1,'2025-04-01 00:00:00',1,NULL,'2025-04-01 13:30:00','pix','2025-04-01 17:00:00',1,7.00,4,0,0,'aguardando',383),(501,1,'2025-04-01 00:00:00',1,NULL,'2025-04-01 10:00:00','dinheiro','2025-04-01 12:00:00',1,NULL,23,0,0,'aguardando',146),(502,1,'2025-04-01 00:00:00',1,NULL,'2025-04-01 11:00:00','dinheiro','2025-04-01 12:30:00',1,NULL,23,0,0,'aguardando',128),(503,1,'2025-04-01 00:00:00',1,NULL,'2025-04-01 10:00:00','pix','2025-04-01 14:15:00',1,25.00,1,0,0,'aguardando',370),(504,1,'2025-04-01 00:00:00',1,NULL,'2025-04-01 10:00:00','pix','2025-04-01 14:01:00',1,NULL,1,0,0,'aguardando',371),(506,1,'2025-04-01 00:00:00',1,NULL,'2025-04-01 13:00:00','dinheiro','2025-04-01 14:30:00',1,NULL,23,0,0,'aguardando',162),(507,1,'2025-04-01 00:00:00',1,NULL,'2025-04-01 13:40:00','dinheiro','2025-04-01 15:50:00',1,NULL,23,0,0,'aguardando',342),(508,1,'2025-04-01 00:00:00',1,NULL,'2025-04-01 10:00:00','pix','2025-04-01 13:00:00',1,NULL,4,0,0,'aguardando',384),(509,1,'2025-04-01 00:00:00',1,NULL,'2025-04-01 11:00:00','pix','2025-04-01 12:00:00',1,7.00,4,0,0,'aguardando',385),(510,1,'2025-04-01 00:00:00',1,NULL,'2025-04-01 10:00:00','credito','2025-04-01 12:20:00',1,NULL,1,0,0,'aguardando',386),(511,1,'2025-04-01 00:00:00',1,NULL,'2025-02-01 15:40:00','pix','2025-04-01 17:00:00',1,15.00,1,0,0,'aguardando',387),(512,1,'2025-04-01 00:00:00',1,NULL,'2025-02-01 13:30:00','dinheiro','2025-04-01 16:38:00',1,NULL,4,0,0,'aguardando',388),(513,1,'2025-04-02 00:00:00',1,NULL,'2025-04-02 09:30:00','debito','2025-04-02 12:00:00',1,NULL,1,0,0,'aguardando',389),(514,1,'2025-04-02 00:00:00',0,NULL,'2025-04-02 09:00:00','pendente','2025-04-02 12:00:00',1,NULL,28,0,0,'aguardando',187),(515,1,'2025-04-02 00:00:00',0,NULL,'2025-04-02 09:00:00','pendente','2025-04-02 12:02:00',1,NULL,28,0,0,'aguardando',190),(516,1,'2025-04-02 00:00:00',1,NULL,'2025-04-02 09:00:00','dinheiro','2025-04-02 12:00:00',1,NULL,23,0,0,'aguardando',129),(517,1,'2025-04-02 00:00:00',1,NULL,'2025-04-02 09:00:00','dinheiro','2025-04-02 12:00:00',1,NULL,23,0,0,'aguardando',130),(518,1,'2025-04-02 00:00:00',0,NULL,'2025-04-02 10:30:00','dinheiro',NULL,1,NULL,23,0,0,'aguardando',126),(519,1,'2025-04-02 00:00:00',0,NULL,'2025-04-02 10:30:00','dinheiro',NULL,1,NULL,23,0,0,'aguardando',127),(520,1,'2025-04-02 00:00:00',0,NULL,'2025-04-02 10:00:00','dinheiro',NULL,1,NULL,23,0,0,'aguardando',131),(521,1,'2025-04-02 00:00:00',1,NULL,'2025-04-02 10:00:00','debito','2025-04-02 11:50:00',1,NULL,1,0,0,'aguardando',249),(522,1,'2025-04-02 00:00:00',0,NULL,'2025-04-02 13:00:00','pendente',NULL,1,NULL,44,0,0,'aguardando',174),(523,1,'2025-04-02 00:00:00',0,NULL,'2025-04-02 13:00:00','pendente',NULL,1,NULL,44,0,0,'aguardando',175),(524,1,'2025-04-02 00:00:00',0,NULL,'2025-04-02 13:00:00','pendente',NULL,1,NULL,44,0,0,'aguardando',185),(525,1,'2025-04-03 00:00:00',0,NULL,'2025-04-03 10:00:00','dinheiro','2025-04-03 11:00:00',1,NULL,23,0,0,'aguardando',153),(526,1,'2025-04-03 00:00:00',0,NULL,'2025-04-03 10:00:00','pendente','2025-04-03 12:00:00',1,NULL,45,0,0,'aguardando',144),(527,1,'2025-04-03 00:00:00',0,NULL,'2025-04-03 10:00:00','pendente','2025-04-03 12:00:00',1,NULL,45,0,0,'aguardando',145),(528,1,'2025-04-03 00:00:00',0,NULL,'2025-04-03 10:00:00','pendente','2025-04-03 12:00:00',1,NULL,45,0,0,'aguardando',142),(529,1,'2025-04-03 00:00:00',0,NULL,'2025-04-03 10:00:00','pendente','2025-04-03 12:00:00',1,NULL,45,0,0,'aguardando',143),(530,1,'2025-04-03 00:00:00',0,NULL,'2025-04-03 10:30:00','dinheiro','2025-04-03 15:00:00',1,NULL,23,0,0,'aguardando',132),(531,1,'2025-04-03 00:00:00',0,NULL,'2025-04-03 13:30:00','pendente',NULL,1,28.00,9,0,0,'aguardando',158),(532,1,'2025-04-03 00:00:00',1,NULL,'2025-04-03 10:00:00','dinheiro','2025-04-03 11:00:00',1,NULL,23,0,0,'aguardando',343),(533,1,'2025-04-03 00:00:00',1,NULL,'2025-04-03 14:00:00','dinheiro',NULL,1,NULL,23,0,0,'aguardando',163),(534,1,'2025-04-03 00:00:00',1,NULL,'2025-04-03 09:45:00','credito','2025-04-03 15:00:00',1,10.00,17,0,0,'aguardando',392),(535,1,'2025-04-03 00:00:00',1,NULL,'2025-04-03 09:30:00','credito','2025-04-03 15:00:00',1,NULL,15,0,0,'aguardando',393),(536,1,'2025-04-03 00:00:00',0,NULL,'2025-04-03 13:30:00','pendente',NULL,1,10.00,9,0,0,'aguardando',157),(537,1,'2025-04-03 00:00:00',0,NULL,'2025-04-03 10:40:00','pendente','2025-04-03 12:00:00',1,NULL,22,0,0,'aguardando',166),(538,1,'2025-04-03 00:00:00',0,NULL,'2025-04-03 14:00:00','pendente',NULL,1,7.00,18,0,0,'aguardando',246),(539,1,'2025-03-03 00:00:00',0,NULL,'2025-03-03 10:40:00','pendente','2025-04-03 12:00:00',1,NULL,1,0,0,'aguardando',394),(540,1,'2025-04-03 00:00:00',1,NULL,'2025-04-03 10:00:00','pix','2025-04-03 12:00:00',1,NULL,1,0,0,'aguardando',394),(541,1,'2025-04-03 00:00:00',1,NULL,'2025-04-03 13:00:00','dinheiro','2025-04-03 14:40:00',1,NULL,23,0,0,'aguardando',194),(542,1,'2025-04-03 00:00:00',1,NULL,'2025-04-03 13:00:00','dinheiro','2025-04-03 14:40:00',1,NULL,23,0,0,'aguardando',354),(543,1,'2025-04-03 00:00:00',1,NULL,'2025-04-03 09:00:00','pix','2025-04-03 10:40:00',1,7.00,4,0,0,'aguardando',395),(544,1,'2025-04-03 00:00:00',0,NULL,'2025-04-03 14:00:00','pendente',NULL,1,NULL,4,0,0,'aguardando',396),(545,1,'2025-04-03 00:00:00',0,NULL,'2025-04-03 16:00:00','pendente',NULL,1,NULL,1,0,0,'aguardando',397),(546,1,'2025-04-05 00:00:00',1,NULL,'2025-04-05 08:00:00','credito','2025-04-05 11:00:00',1,NULL,38,0,0,'aguardando',109),(547,1,'2025-04-05 00:00:00',1,NULL,'2025-04-05 09:29:00','dinheiro','2025-04-05 11:00:00',1,NULL,23,0,0,'aguardando',112),(548,1,'2025-04-05 00:00:00',0,NULL,'2025-04-05 08:30:00','pendente','2025-04-05 12:00:00',1,NULL,34,0,0,'aguardando',247),(549,1,'2025-04-05 00:00:00',0,NULL,'2025-04-05 09:31:00','pendente',NULL,1,NULL,1,0,0,'aguardando',110),(550,1,'2025-04-05 00:00:00',1,NULL,'2025-04-05 09:00:00','pix',NULL,1,NULL,1,0,0,'aguardando',105),(551,1,'2025-04-05 00:00:00',0,NULL,'2025-04-05 09:30:00','pendente',NULL,1,12.00,1,0,0,'aguardando',191),(552,1,'2025-04-05 00:00:00',1,NULL,'2025-04-05 10:00:00','pix',NULL,1,7.00,1,0,0,'aguardando',201),(553,1,'2025-04-05 00:00:00',1,NULL,'2025-04-05 11:00:00','pix',NULL,1,10.00,1,0,0,'aguardando',186),(554,1,'2025-04-05 00:00:00',0,NULL,'2025-04-05 12:00:00','credito',NULL,1,NULL,1,0,0,'aguardando',323),(555,1,'2025-04-05 00:00:00',0,NULL,'2025-04-05 12:34:00','credito',NULL,1,NULL,1,0,0,'aguardando',324),(556,1,'2025-04-05 00:00:00',0,NULL,'2025-04-05 12:34:00','credito',NULL,1,15.00,1,0,0,'aguardando',325),(557,1,'2025-04-05 00:00:00',1,NULL,'2025-04-05 10:00:00','debito',NULL,1,NULL,1,0,0,'aguardando',398),(558,1,'2025-04-05 00:00:00',0,NULL,'2025-04-05 13:00:00','pendente',NULL,1,NULL,2,0,0,'aguardando',399),(559,1,'2025-04-05 00:00:00',0,NULL,'2025-04-05 12:00:00','pendente',NULL,1,7.00,1,0,0,'aguardando',400),(560,1,'2025-04-05 00:00:00',0,NULL,'2025-04-05 12:55:00','pendente',NULL,1,NULL,14,0,0,'aguardando',401),(561,1,'2025-04-05 00:00:00',1,NULL,'2025-04-05 12:00:00','dinheiro',NULL,1,7.00,4,0,0,'aguardando',402),(562,1,'2025-04-05 00:00:00',1,NULL,'2025-04-05 13:00:00','dinheiro','2025-04-05 13:30:00',1,NULL,4,0,0,'aguardando',403),(563,1,'2025-04-05 00:00:00',0,NULL,'2025-04-05 13:00:00','pendente',NULL,1,15.00,2,0,0,'aguardando',404),(567,1,'2025-04-08 00:00:00',1,NULL,'2025-04-09 13:30:00','pacote_semanal_2','2025-04-09 14:26:00',0,NULL,NULL,0,0,'aguardando',0),(569,1,'2025-04-09 00:00:00',0,NULL,'2025-04-09 09:00:00','pacote_semanal_2','2025-04-09 11:00:00',1,NULL,NULL,0,0,'aguardando',0),(570,1,'2025-04-09 00:00:00',0,NULL,'2025-04-09 09:00:00','pacote_semanal_2','2025-04-09 11:00:00',1,NULL,NULL,0,0,'aguardando',0),(571,1,'2025-04-09 00:00:00',0,NULL,'2025-04-09 09:00:00','pacote_semanal_2','2025-04-09 11:00:00',1,NULL,NULL,0,0,'aguardando',0),(573,1,'2025-04-09 00:00:00',0,NULL,'2025-04-09 09:00:00','pacote_semanal_2','2025-04-09 11:00:00',1,NULL,NULL,0,0,'aguardando',0),(574,1,'2025-04-09 00:00:00',1,NULL,'2025-04-09 10:00:00','pacote_semanal_4',NULL,0,NULL,NULL,0,0,'aguardando',0),(575,1,'2025-04-09 00:00:00',1,NULL,'2025-04-09 10:00:00','pacote_semanal_4',NULL,0,NULL,NULL,0,0,'aguardando',0),(576,1,'2025-04-09 00:00:00',1,NULL,'2025-04-09 13:00:00','pacote_semanal_2','2025-04-09 14:00:00',1,NULL,NULL,0,0,'aguardando',0),(577,1,'2025-04-09 00:00:00',1,NULL,'2025-04-09 13:00:00','pacote_semanal_2',NULL,1,NULL,NULL,0,0,'aguardando',0),(578,1,'2025-04-09 00:00:00',1,NULL,'2025-04-09 13:00:00','pacote_semanal_2','2025-04-09 14:00:00',1,NULL,NULL,0,0,'aguardando',0),(579,1,'2025-04-09 00:00:00',0,NULL,'2025-04-09 13:30:00','pendente','2025-04-09 15:00:00',1,10.00,NULL,0,0,'aguardando',0),(580,1,'2025-04-09 00:00:00',0,NULL,'2025-04-09 10:00:00','pendente','2025-04-09 12:00:00',1,7.00,NULL,0,0,'aguardando',0),(581,1,'2025-04-09 00:00:00',0,NULL,'2025-04-09 14:00:00','pendente','2025-04-09 15:40:00',0,NULL,NULL,0,0,'aguardando',0),(582,1,'2025-04-09 00:00:00',0,NULL,'2025-04-09 15:00:00','pacote_semanal_2','2025-04-09 17:00:00',0,NULL,NULL,0,0,'aguardando',0),(583,1,'2025-04-14 00:00:00',0,NULL,'2025-04-14 10:24:00','pix',NULL,0,NULL,NULL,0,0,'aguardando',0),(584,1,'2025-04-15 00:00:00',1,NULL,'2025-04-15 21:43:00','credito',NULL,1,10.00,NULL,0,0,'concluido',0),(585,1,'2025-04-15 00:00:00',1,NULL,'2025-04-15 22:47:00','dinheiro',NULL,1,10.00,NULL,0,0,'concluido',0),(586,1,'2025-04-15 00:00:00',0,NULL,'2025-04-15 22:53:00','pendente','2025-04-15 23:54:00',1,10.00,NULL,0,0,'aguardando',0),(587,1,'2025-04-15 00:00:00',0,NULL,'2025-04-15 21:55:00','pendente','2025-04-15 23:55:00',1,15.00,NULL,0,0,'aguardando',0),(588,1,'2025-04-15 00:00:00',1,NULL,'2025-04-15 22:05:00','dinheiro',NULL,1,30.00,NULL,0,0,'concluido',0),(589,1,'2025-04-15 00:00:00',0,NULL,'2025-04-15 22:14:00','pendente',NULL,1,10.00,NULL,0,0,'aguardando',0),(590,1,'2025-04-15 00:00:00',0,NULL,'2025-04-15 23:29:00','pendente','2025-04-15 23:56:00',1,15.00,NULL,0,0,'aguardando',0),(591,1,'2025-04-15 00:00:00',0,NULL,'2025-04-15 22:31:00','pendente','2025-04-15 23:31:00',1,10.00,NULL,0,0,'aguardando',0),(592,1,'2025-04-15 00:00:00',1,NULL,'2025-04-15 23:06:00','dinheiro',NULL,0,0.00,NULL,0,0,'concluido',0),(593,1,'2025-04-15 00:00:00',0,NULL,'2025-04-15 23:06:00','pendente','2025-04-15 23:24:00',0,0.00,NULL,0,0,'aguardando',0),(594,1,'2025-04-16 00:00:00',1,NULL,'2025-04-16 01:00:00','dinheiro','2025-04-16 02:00:00',1,10.00,NULL,0,0,'concluido',0),(595,1,'2025-04-16 00:00:00',1,NULL,'2025-04-16 02:01:00','dinheiro','2025-04-16 04:01:00',1,10.00,NULL,0,0,'concluido',0),(596,1,'2025-04-16 00:00:00',0,NULL,'2025-04-16 03:02:00','pendente','2025-04-16 04:25:00',1,10.00,NULL,0,0,'aguardando',0),(597,1,'2025-04-16 00:00:00',0,NULL,'2025-04-16 03:31:00','pendente','2025-04-16 06:34:00',1,10.00,NULL,0,0,'aguardando',0),(598,1,'2025-04-17 00:00:00',0,NULL,'2025-04-17 09:10:00','debito',NULL,1,10.00,NULL,0,0,'aguardando',0),(599,1,'2025-04-24 00:00:00',1,NULL,'2025-04-24 15:42:00','pix','2025-04-24 16:50:00',1,10.00,NULL,0,0,'concluido',0),(600,1,'2025-04-28 00:00:00',1,NULL,'2025-04-28 10:44:00','dinheiro','2025-04-28 12:46:00',1,10.00,NULL,0,0,'concluido',0),(601,1,'2025-04-28 00:00:00',0,NULL,'2025-04-28 14:00:00','pendente','2025-04-28 16:02:00',1,10.00,NULL,0,0,'aguardando',0),(602,1,'2025-05-19 00:00:00',1,NULL,'2025-05-19 20:07:00','dinheiro','2025-05-19 21:09:00',1,10.00,NULL,0,0,'finalizado',0),(603,1,'2025-05-19 00:00:00',0,NULL,'2025-05-19 20:12:00','pendente','2025-05-19 21:12:00',0,0.00,NULL,0,0,'aguardando',0),(604,1,'2025-05-19 00:00:00',0,NULL,'2025-05-19 23:06:00','pendente',NULL,0,0.00,NULL,0,0,'aguardando',0),(605,1,'2025-05-19 00:00:00',1,NULL,'2025-05-19 23:21:00','dinheiro',NULL,1,10.00,NULL,0,0,'finalizado',0),(606,1,'2025-05-22 00:00:00',1,NULL,'2025-05-22 14:24:00','dinheiro',NULL,1,10.00,NULL,0,0,'finalizado',0),(607,1,'2025-06-02 00:00:00',0,NULL,'2025-06-02 23:28:00','pendente','2025-06-02 00:29:00',0,0.00,NULL,0,0,'aguardando',0),(608,1,'2025-06-03 00:00:00',0,NULL,'2025-06-03 13:15:00','pendente','2025-06-03 14:15:00',0,0.00,NULL,0,0,'aguardando',0),(609,1,'2025-06-12 00:00:00',0,NULL,'2025-06-12 08:35:00','pix',NULL,1,10.00,NULL,0,0,'aguardando',0);
/*!40000 ALTER TABLE `agendamento` ENABLE KEYS */;
UNLOCK TABLES;

--
-- Table structure for table `agendamento_clinica`
--

DROP TABLE IF EXISTS `agendamento_clinica`;
/*!40101 SET @saved_cs_client     = @@character_set_client */;
/*!50503 SET character_set_client = utf8mb4 */;
CREATE TABLE `agendamento_clinica` (
  `id` int NOT NULL AUTO_INCREMENT,
  `estabelecimento_id` int NOT NULL,
  `data` datetime NOT NULL,
  `hora` time DEFAULT NULL,
  `procedimento` varchar(255) DEFAULT NULL,
  `status` varchar(20) DEFAULT 'aguardando',
  `observacoes` text,
  `pet_id` int DEFAULT NULL,
  `dono_id` int DEFAULT NULL,
  PRIMARY KEY (`id`)
) ENGINE=InnoDB AUTO_INCREMENT=5 DEFAULT CHARSET=utf8mb4 COLLATE=utf8mb4_0900_ai_ci;
/*!40101 SET character_set_client = @saved_cs_client */;

--
-- Dumping data for table `agendamento_clinica`
--

LOCK TABLES `agendamento_clinica` WRITE;
/*!40000 ALTER TABLE `agendamento_clinica` DISABLE KEYS */;
INSERT INTO `agendamento_clinica` VALUES (1,1,'2025-04-22 00:00:00','10:00:00','vacina','aguardando',NULL,145,122),(2,1,'2025-04-24 00:00:00','01:11:00','vacina','aguardando',NULL,100,38),(3,1,'2025-04-24 00:00:00','15:30:00','Consulta','aguardando',NULL,118,59),(4,0,'2025-05-19 00:00:00','21:52:00','vacina','aguardando',NULL,100,33);
/*!40000 ALTER TABLE `agendamento_clinica` ENABLE KEYS */;
UNLOCK TABLES;

--
-- Table structure for table `agendamento_pet_servico`
--

DROP TABLE IF EXISTS `agendamento_pet_servico`;
/*!40101 SET @saved_cs_client     = @@character_set_client */;
/*!50503 SET character_set_client = utf8mb4 */;
CREATE TABLE `agendamento_pet_servico` (
  `agendamentoId` int NOT NULL,
  `petId` int NOT NULL,
  `servicoId` int NOT NULL,
  `id` int NOT NULL AUTO_INCREMENT,
  `estabelecimento_id` int NOT NULL,
  `status` varchar(20) DEFAULT NULL,
  PRIMARY KEY (`id`)
) ENGINE=InnoDB AUTO_INCREMENT=114 DEFAULT CHARSET=utf8mb4 COLLATE=utf8mb4_0900_ai_ci;
/*!40101 SET character_set_client = @saved_cs_client */;

--
-- Dumping data for table `agendamento_pet_servico`
--

LOCK TABLES `agendamento_pet_servico` WRITE;
/*!40000 ALTER TABLE `agendamento_pet_servico` DISABLE KEYS */;
INSERT INTO `agendamento_pet_servico` VALUES (564,107,1,64,1,'finalizado'),(565,109,1,65,1,NULL),(566,174,1,66,1,NULL),(567,162,23,67,1,'em_processo'),(568,183,1,68,1,'finalizado'),(569,129,23,69,1,NULL),(570,130,23,70,1,NULL),(571,187,23,71,1,NULL),(572,130,23,72,1,NULL),(573,190,23,73,1,NULL),(574,126,23,74,1,'finalizado'),(575,127,23,75,1,NULL),(576,174,23,76,1,NULL),(577,175,23,77,1,NULL),(578,185,23,78,1,NULL),(579,241,31,79,1,NULL),(579,242,1,80,1,NULL),(580,405,1,81,1,'aguardando'),(580,406,1,82,1,NULL),(581,220,12,83,1,NULL),(582,397,23,84,1,NULL),(583,110,1,85,1,'em_processo'),(584,110,1,86,1,NULL),(585,131,1,87,1,NULL),(586,157,1,88,1,NULL),(587,404,1,89,1,NULL),(588,153,3,90,1,NULL),(589,154,14,91,1,NULL),(590,239,1,92,1,NULL),(591,210,1,93,1,NULL),(592,109,1,94,1,NULL),(593,224,1,95,1,NULL),(594,105,1,96,1,'em_processo'),(595,108,1,97,1,NULL),(595,108,22,98,1,NULL),(596,164,1,99,1,NULL),(597,231,1,100,1,NULL),(598,108,1,101,1,'em_processo'),(599,105,1,102,1,'finalizado'),(600,107,1,103,1,'finalizado'),(600,107,15,104,1,'aguardando'),(601,134,1,105,1,'finalizado'),(602,100,1,106,1,NULL),(603,101,1,107,1,NULL),(604,364,1,108,1,NULL),(605,105,1,109,1,NULL),(606,106,1,110,1,NULL),(607,106,1,111,1,NULL),(608,106,1,112,1,NULL),(609,106,1,113,1,NULL);
/*!40000 ALTER TABLE `agendamento_pet_servico` ENABLE KEYS */;
UNLOCK TABLES;

--
-- Table structure for table `cliente`
--

DROP TABLE IF EXISTS `cliente`;
/*!40101 SET @saved_cs_client     = @@character_set_client */;
/*!50503 SET character_set_client = utf8mb4 */;
CREATE TABLE `cliente` (
  `id` int NOT NULL AUTO_INCREMENT,
  `estabelecimento_id` int NOT NULL,
  `nome` varchar(255) CHARACTER SET utf8mb4 COLLATE utf8mb4_unicode_ci DEFAULT NULL,
  `email` varchar(255) CHARACTER SET utf8mb4 COLLATE utf8mb4_unicode_ci DEFAULT NULL,
  `telefone` varchar(255) CHARACTER SET utf8mb4 COLLATE utf8mb4_unicode_ci DEFAULT NULL,
  `whatsapp` varchar(6) CHARACTER SET utf8mb4 COLLATE utf8mb4_unicode_ci DEFAULT NULL,
  `rua` varchar(255) CHARACTER SET utf8mb4 COLLATE utf8mb4_unicode_ci DEFAULT NULL,
  `numero` varchar(45) CHARACTER SET utf8mb4 COLLATE utf8mb4_unicode_ci DEFAULT NULL,
  `complemento` varchar(255) CHARACTER SET utf8mb4 COLLATE utf8mb4_unicode_ci DEFAULT NULL,
  `bairro` varchar(255) CHARACTER SET utf8mb4 COLLATE utf8mb4_unicode_ci DEFAULT NULL,
  `cidade` varchar(255) CHARACTER SET utf8mb4 COLLATE utf8mb4_unicode_ci DEFAULT NULL,
  `cep` int DEFAULT NULL,
  PRIMARY KEY (`id`)
) ENGINE=InnoDB AUTO_INCREMENT=362 DEFAULT CHARSET=utf8mb4 COLLATE=utf8mb4_unicode_ci;
/*!40101 SET character_set_client = @saved_cs_client */;

--
-- Dumping data for table `cliente`
--

LOCK TABLES `cliente` WRITE;
/*!40000 ALTER TABLE `cliente` DISABLE KEYS */;
INSERT INTO `cliente` VALUES (23,1,'Priscila ( 2 Ces)','sergioferrari150395@gmail.com','3198454-9498','No','null','0','','SALGADO FILHO','BELO HORIZONTE',NULL),(24,1,'Rodrigo Alves da silva ','null@gmail.com','31986962266','No','Rua santos 1886','','','','',NULL),(25,1,'Fatima ','null@gmail.com','31996378186','No','rua professor rodrigo agnelo antunes 220',NULL,NULL,NULL,NULL,NULL),(26,1,'Marta Rolla Becho ','null@gmail.com','31995857674','No','Rua batista carneiro  136 apt 404 bloco 7 ',NULL,NULL,NULL,NULL,NULL),(27,1,'Ana (edemilson)','null@gmail.com','3199248-6150','No','Rua Estevo musso 100',NULL,NULL,NULL,NULL,NULL),(28,1,'Edgar','null@gmail.com','3198676-1566','No','rua cercadinho ',NULL,NULL,NULL,NULL,NULL),(29,1,'Viviane ','null@gmail.com','3198975-1423','No','rua cercadinho 129',NULL,NULL,NULL,NULL,NULL),(30,1,'Silvania Rodrigues ','null@gmail.com','3198204-3660','No','Cipriano de Carvalho 18',NULL,NULL,NULL,NULL,NULL),(31,1,'Maria Clara','null@gmail.com','319 9651-7248','No','Rua genebra 1028',NULL,NULL,NULL,NULL,NULL),(32,1,'Monica ','null@gmail.com','319 9412-9510','No','null',NULL,NULL,NULL,NULL,NULL),(33,1,'Rennan ','null@gmail.com','31 98648-4878','Sim','R. Martins Soares 792','','','','',NULL),(34,1,'Cristiane ','null@gmail.com','3198018-0719','No','null',NULL,NULL,NULL,NULL,NULL),(35,1,'Ana Paula ','null@gmail.com','31 97336-3027','No','n','','','','',NULL),(36,1,'Graziela ','null@gmail.com','3197337-1323','No','null',NULL,NULL,NULL,NULL,NULL),(37,1,'Gustavo ','gustavoarcanjomrts@gmail.com','31993622072','No','Rua batista carneiro  186 apt 03 ',NULL,NULL,NULL,NULL,NULL),(38,1,'Iasmim','null@gmail.com','3198702-1335','No','Rua emidio beruto 28',NULL,NULL,NULL,NULL,NULL),(39,1,'Mariana Schneider Hofman','','31992028888','No','Rua esmeralda ','425','apt 201','Prado','Belo Horizonte',NULL),(40,1,'Fatima','null@gmail.com','31987081408','No','RUA LAGOA DA PRATA, 472',NULL,NULL,NULL,NULL,NULL),(41,1,'Izabella (manu)','null@gmail.com','+55 31 98640-4221','No',' Rua Itanaje 188',NULL,NULL,NULL,NULL,NULL),(42,1,'Luciene','null@gmail.com','+55 31 98562-7898','No','rua dois',NULL,NULL,NULL,NULL,NULL),(43,1,'Glauci','null@gmail.com','+55 31 9 9854-4571','No','Rua Herculano pena 467',NULL,NULL,NULL,NULL,NULL),(44,1,'Ana Clara','null@gmail.com','+55 31 99632-4021','No','rua nova ponte 420 , salgado filho',NULL,NULL,NULL,NULL,NULL),(45,1,'Claudilene','null@gmail.com','+55 31 99595-6361','No','Rua Maria Beatriz, 260 apto 501 - Hava   ',NULL,NULL,NULL,NULL,NULL),(46,1,'Kate ','null@gmail.com','+55 31 99630-1212','No','RUA LAGOA DA PRATA, 472',NULL,NULL,NULL,NULL,NULL),(47,1,'Barbara','null@gmail.com','+55 31 99712-8117','No','RUA LAGOA DA PRATA, 472',NULL,NULL,NULL,NULL,NULL),(48,1,'SRGIO FERRARI','sergioferrari150395@gmail.com','31995318362','No','LAGOA DA PRATA, ',NULL,NULL,NULL,NULL,NULL),(49,1,'Alice Cruz','null@gmail.com','+55 31 97349-2205','No','Rua Estrada do Cercadinho, 1428',NULL,NULL,NULL,NULL,NULL),(50,1,'jaconealice1','null@gmail.com','3199234-4707','No','Rua seringueira 153',NULL,NULL,NULL,NULL,NULL),(51,1,'Neidinha ','null@gmail.com','3199612-1011','No','null',NULL,NULL,NULL,NULL,NULL),(52,1,'Ana luiza','null@gmail.com','3197501-8925','No','null',NULL,NULL,NULL,NULL,NULL),(53,1,'Edna (2caes)','null@gmail.com','3199609-2749','No','nul',NULL,NULL,NULL,NULL,NULL),(54,1,'Cristiane (lola)','null@gmail.com','3199131-6355','No','Rua industrial Jos Costa 756 ap 801 nova granada',NULL,NULL,NULL,NULL,NULL),(55,1,'Meire (nikko)','nuul@gmail.com','3198421-3027','No','Rua Corcovado Nr 27, nova Suissa',NULL,NULL,NULL,NULL,NULL),(56,1,'Libia','Libia@gmail.com','319 9888-1712','No','Rua Gvea 50 Ap 201Jardim Amrica',NULL,NULL,NULL,NULL,NULL),(57,1,'Viviane (Bilie)','viviane@gmail.com','+55 31 98877-9949','No','no cadastrado',NULL,NULL,NULL,NULL,NULL),(58,1,'Mateus','Mateus@gmail.com','+55 31 98772-3700','No','no cadastrado',NULL,NULL,NULL,NULL,NULL),(59,1,'Ana Fagundes','Fagundes@gmail.com','97501-8925','No','no cadastrado',NULL,NULL,NULL,NULL,NULL),(60,1,'Messias','Messiasddd31@gmail.com','31982578063','No','Rua herculano pena 1021 apt 202 bloco A',NULL,NULL,NULL,NULL,NULL),(61,1,'Meire Forapane','MeireForapane@gmail.com','+55 31 99920-5606','No','no cadastrado',NULL,NULL,NULL,NULL,NULL),(62,1,'Ana Paula Gomes Rodrigues ','AnaPaulaGomeRodrigues@gmail.com','31991003905','No','Rua boturubi 390 apt 402 bloco 3',NULL,NULL,NULL,NULL,NULL),(63,1,'Tulio   Menezes','tuliomenezesaraujo@gmail.com','31999967082','No','Rua Carmelita prates da silva 590 apt 702 bloco 2','','','','',NULL),(64,1,'Clesley ','Clesley@gmail.com','3199404-2826','No','no cadastrado',NULL,NULL,NULL,NULL,NULL),(65,1,'Graciele Gonalves','GracieleGoncalves@gmail.com','+55 31 9611-4697','No','no cadastrada',NULL,NULL,NULL,NULL,NULL),(66,1,'Luciana Patricia Santos','lucianapat@gmail.com','31993735446','No','Rua jose ferreira campos 210 betania ',NULL,NULL,NULL,NULL,NULL),(67,1,'Viviane (Laila)','laila@gmail.com','319 9662-3902','No','rua herculado pena 453 apt 203 ',NULL,NULL,NULL,NULL,NULL),(68,1,'LUDMILA','LUDMILA@gmail.com','+55 31 99761-9917','No','Rua herculano pena 672 - ap 102',NULL,NULL,NULL,NULL,NULL),(69,1,'zeze','zeze@gmail.com','561296519615','No','zdjbodi',NULL,NULL,NULL,NULL,NULL),(70,1,'Caio ','caio@gmail.com','3199256-6907','No','rua ',NULL,NULL,NULL,NULL,NULL),(71,1,'Andr henrique lobato ferreira','nuuu@gmail.com','3199325303','No','Rua aristoteles Caldeira, 1075, AP 502, Graja, BeloHorizonte.',NULL,NULL,NULL,NULL,NULL),(72,1,'Sabrina Pinheiro','nuul@nuul.com','31 983838431','No','Rua Catiara ','192','casa','','',NULL),(73,1,'Sabrina/ Estrelinha','nuul@nuul.com','31 983838431','No','Rua Catiara 192 ',NULL,NULL,NULL,NULL,NULL),(74,1,'Sabrina/ Estrelinha','nuul@nuul.com','31 983838431','No','Rua Catiara 192 ',NULL,NULL,NULL,NULL,NULL),(75,1,'Caroline recepo','nuuul@gmail.com','31986196720','No','Rua rio petropolis 15, pindorama.',NULL,NULL,NULL,NULL,NULL),(76,1,'Taty','nuul@gmail.com','31994250541','No','Rua lapinha,741 Ap 307',NULL,NULL,NULL,NULL,NULL),(77,1,'theo ','nuul@gmail.com','33988788808','No','tras',NULL,NULL,NULL,NULL,NULL),(78,1,'Renata ','nuuul@gmail.com','31989798636','No','tras',NULL,NULL,NULL,NULL,NULL),(79,1,'fghmjryjm','null@gmail.com','31995318965','No','Rua Lourival Soares Gouvea','5','-','Cu Azul','Belo Horizonte',NULL),(80,1,'Welber Vinicius Alves daSilva','m@gmail.com','3199208-1464','No','Rua Jos Guimares','61','casa','Cabana do Pai Toms','Belo Horizonte',NULL),(81,1,'Nathlia Randazzo','nuul@gmail.com','319997258344','No','rua general andrade neves ','76','ap 6','Gutierrez','Belo Horizonte',NULL),(82,1,'Michele','nuul@gmail.com','31988269104','No','Rua Moema','496','casa','Jardim Montanhs','Belo Horizonte',NULL),(83,1,'mateus','mateusrodriguesmorais10@gmail.com','31988891127','No','Avenida Braslia','281','at 785 - lado mpar','So Benedito','Santa Luzia',NULL),(84,1,'Stela Adriane Ribeiro Liberato','nuul@gmail.com','31987350524','No','Rua das Pirmides','277','ao lado do 275','Vista Alegre','Belo Horizonte',NULL),(85,1,'Carmen Souza ','Carmen@gmail.com','31987079801','No','rua zinia ','339','casa','hava','belo horizonte',NULL),(86,1,'Adriana Ribeiro rios','nuul@gmail.com','31996294503','No','Rua Imbia','635','casa','Dom Cabral','Belo Horizonte',NULL),(87,1,'Jenny  Lorena Forero Gaviria','nuul@gmail.com','31988659559','No','R. Carmelita Prates da Silva','424','Ap 1805','salgado filho','Belo Horizonte',NULL),(88,1,'Taty','nuul@gmail.com','31994250541','No','Rua Lapinha','741','ap 307','Salgado Filho','Belo Horizonte',NULL),(89,1,'Lucinha/ Edgar','nuul@gmail.com','319975176749','No','Rua Cercadinho','129','casa','Salgado Filho','Belo Horizonte',NULL),(90,1,'Aulenio junior','nuul@gmail.com','31993537829','No','Rua Papoula Branca','44','casa','Hava','Belo Horizonte',NULL),(91,1,'Ana Paula','nuul@gmail.com','31991003905','No','pedir endereo','00','casa','Salgado Filho','Belo Horizonte',NULL),(92,1,'Dayseane','nuul@gmail.com','31996336093','No','pedir endereo','000','casa','Salgado Filho','Belo Horizonte',NULL),(93,1,'Michelle Mara dos Santos','nuul@gmail.com','31992349961','No','Rua Lagoa da Prata','753','Ap 203','Salgado Filho','Belo Horizonte',NULL),(94,1,'Vanessa pereira guimaraes silva ','nuul@gmail.com','31997395070','No','Rua Braga','58','casa','Salgado Filho','Belo Horizonte',NULL),(95,1,'Silmara ','nuul@gmail.com','31986969591','No','pedir endereo','00','casa','Salgado Filho','Belo Horizonte',NULL),(96,1,'Jacky','nuul@gmail.com','31992336920','No','pedir endereo','0000','casa','Salgado Filho','Belo Horizonte',NULL),(97,1,'Carolina','nuul@gmail.com','31994177888','No','pedir endereo','000','casa','Salgado Filho','Belo Horizonte',NULL),(98,1,'Duda ','nuul@gmail.com','31996294503','No','Rua Imbia','635','casa','Dom Cabral','Belo Horizonte',NULL),(99,1,'Adriana Ribeiro rios','nuul@gmail.com','31996294503','No','Rua Imbia','635','casa','Dom Cabral','Belo Horizonte',NULL),(100,1,'Adriana Ribeiro rios','nuul@gmail.com','31996294503','No','Rua Imbia','635','casa','Dom Cabral','Belo Horizonte',NULL),(101,1,'Adriana Ribeiro rios','nuul@gmail.com','31996294503','No','Rua Imbia','635','casa','Dom Cabral','Belo Horizonte',NULL),(102,1,'Aulenio junior','nuul@gmail.com','31993537829','No','Rua Papoula Branca','44','casa','Hava','Belo Horizonte',NULL),(103,1,'Silmara ','nuul@gmail.com','31986969591','No','pedir endereo','09','casa','Salgado Filhob','belo horizonte',NULL),(104,1,'Cristiane','nuul@gmail.com','31 99131-6355','No','PERGUNTAR ENDEREO','--','casa','Salgado Filho','BH',NULL),(105,1,'Cristiane','nuul@gmail.com','319 9131-6355','No','PERGUNTAR ENDEREO','--','casa','Salgado Filho','Bh',NULL),(106,1,'Nubia','nuul@gmail.com','31995065460','No','PERGUNTAR ENDEREO','--','casa','Salgado Filho','BH',NULL),(107,1,'Nubia','nuul@gmail.com','31995065460','No','PERGUNTAR ENDEREO','--','casa','Salgado Filho','BH',NULL),(108,1,'Rose','nuul@gmail.com',' 31 98678-2789','No','PERGUNTAR ENDEREO','---','casa','Salgado Filho','BH',NULL),(109,1,'Cida Reis ','nuul@gmail.com',' 319 9433-5437','No','PERGUNTAR ENDEREO','==','casa','Salgado Filho','BH',NULL),(110,1,'Cida Reis','nuul@gmail.com',' 31 99433-5437','No','pedir endereo','---','casa','Salgado Filho','BH',NULL),(111,1,'Viviane Pertence','nuul@gmail.com','31988789534','No','Rua','00','casa','Vila Oeste','Belo Horizonte',NULL),(112,1,'Francisco Carlos Ervilha Rodrigues Campos ','nuu@gmail.com','+55 31 99667-7494','No','Rua Lapinha','65','AP 701','Salgado Filho','Belo Horizonte',NULL),(113,1,'Maria Cristina Ferrarez Gonzaga','nuu@gmail.com','319983785255','No','Rua Ferreira Viana','121','ap 103','Salgado Filho','Belo Horizonte',NULL),(114,1,'Ludmila Zolini Souto','nuu@gmail.com','+55 31 99761-9917','No','Rua Herculano pena ','672','ap 102','Salgado Filho','belo horizonte',NULL),(115,1,'Viviane Mrcia de Melo Leal','nuu@gmail.com',' 31 9662-3902','No','Rua Herculano Pena','453','AP 203','Nova Sussa','Belo Horizonte',NULL),(116,1,'Izabela Marcelino de matos','nuu@gmail.com','31985407658','No','Rua Coimbra','119','casa','Madre Gertrudes','Belo Horizonte',NULL),(117,1,'Ilda Rodrigues ','nuu@gmail.com','31986209035','No','Rua Lagoa da Prata','607','AP 202','Salgado Filho','Belo Horizonte',NULL),(118,1,'Bianca Barbosa Matos','nuu@gmail.com',' 31 98207-6336','No','rua da igualdade ','294','casa','Nova Gameleira','Belo Horizonte',NULL),(119,1,'Izabela nascimento ','nuu@gmail.com','31986404221','No','Rua Itanaj','198','casa','Salgado Filho','Belo Horizonte',NULL),(120,1,'Gabriele Amorim Rocha ','nuu@gmail.com','31971791904','No','Rua Geraldo Bicalho','22','ap 204','Nova Sussa','Belo Horizonte',NULL),(121,1,'Gabriele Amorim Rocha ','nuu@gmail.com','31971791904','No','Rua Geraldo Bicalho','22','ap 204','Nova Sussa','Belo Horizonte',NULL),(122,1,'Tania mara lohner de souza ','nuu@gmail.com','31987974064','No','Rua Araruana','248','de 21/22 ao fim','Salgado Filho','Belo Horizonte',NULL),(123,1,'Tania mara lohner de souza ','nuu@gmail.com','31987974064','No','Rua Araruana','248','de 21/22 ao fim','Salgado Filho','Belo Horizonte',NULL),(124,1,'Tania mara lohner de souza ','nuu@gmail.com','31987974064','No','Rua Araruana','248','de 21/22 ao fim','Salgado Filho','Belo Horizonte',NULL),(125,1,'Tania mara lohner de souza ','nuu@gmail.com','31987974064','No','Rua Araruana','248','de 21/22 ao fim','Salgado Filho','Belo Horizonte',NULL),(126,1,'Kate Antunes ','nuu@gmail.com','31996301212','No','Rua Arajo Viana','41','Ap302','Salgado Filho','Belo Horizonte',NULL),(127,1,'Thales Alberto/ Karen Cristiny','nuu@gmail.com','3299967263','No','Rua Tapirapeco','385','Ap 302','Salgado Filho','Belo Horizonte',NULL),(128,1,'Aparecida reis costa','nuu@gmail.com','31994335432','No','Rua Domingos Rocha','326','de 201/202 ao fim','Salgado Filho','Belo Horizonte',NULL),(129,1,'Aparecida reis costa','nuu@gmail.com','31994335432','No','Rua Domingos Rocha','326','de 201/202 ao fim','Salgado Filho','Belo Horizonte',NULL),(130,1,'Graciele de Cassia gonalves','nuu@gmail.com','31996114697','No','Rua Artemsias','167','casa','Maraj','Belo Horizonte',NULL),(131,1,'Gabriele Amorim Rocha ','nuu@gmail.com','31996114697','No','Rua Artemsias','167','casa','Maraj','Belo Horizonte',NULL),(132,1,'Cristiane Maria ribeiro alves ','nuu@gmail.com','31993931331','No','Rua Domingos Rocha','360','de 201/202 ao fim','Salgado Filho','Belo Horizonte',NULL),(133,1,'Cristiane Maria ribeiro alves ','nuu@gmail.com','31993931331','No','Rua Domingos Rocha','360','de 201/202 ao fim','Salgado Filho','Belo Horizonte',NULL),(134,1,'Luciene Rezende de souza','nuu@gmail.com','31985627898','No','rua dois','10','casa',' conjunto Vista Alegre ( Logo apos michele mazine)','Belo Horizonte',NULL),(135,1,'Gustavo Arcanjo Martins','nuu@gmail.com','31993622072','No','Rua Batista Carneiro','186','Ap 03','Salgado Filho','Belo Horizonte',NULL),(136,1,'Claudiene Pereira Silva','nuu@gmail.com','31995956361','No','Rua Maria Beatriz','260','Ap 501','Hava','Belo Horizonte',NULL),(137,1,'Tamires Lucia Mol Fernandes ','nuu@gmail.com',' 31 99830-4647','No','Rua Lagoa da Prata','757','ap 204','Salgado Filho','Belo Horizonte',NULL),(138,1,'Ana Luiza de Oliveira Fernandes','nuu@gmail.com','3199673-9195','No','Rua Nova Ponte','95','CASA','Salgado Filho','Belo Horizonte',NULL),(139,1,'Maria de Fatima Pereira lima ','nuu@gmail.com','31996376361','No',' professor Rodrigo Agnelo Antunes','220','Casa b','Salgado Filho','Belo Horizonte',NULL),(140,1,'Maria de Fatima Pereira lima ','nuu@gmail.com','31996378186','No','professor Rodrigo Agnelo Antunes','220','Casa b','Salgado Filho','Belo Horizonte',NULL),(141,1,'Maria de Fatima Pereira lima ','nuu@gmail.com','31996378186','No','professor Rodrigo Agnelo Antunes 220 casa B','220','casa b','Salgado Filho','Belo Horizonte',NULL),(142,1,'Vanessa Antnia Calo','nuu@gmail.com',' 31 99256-7406','No','Rua Batista Carneiro','186','Ap 403','Salgado Filho','Belo Horizonte',NULL),(143,1,'Cssia Ap de Oliveira','nuu@gmail.com',' 31 98863-7174','No','Rua Jacarepagu','85','Ap 104','Jardim Amrica','Belo Horizonte',NULL),(144,1,'Mercs','nuu@gmail.com','31982410021','No','Rua lapinha','--','Casa','Salgado Filho','Belo Horizonte',NULL),(145,1,'Renato murta','nuu@gmail.com','31996175781','No','Rua Lapinha','65','Ap202','Salgado Filho','Belo Horizonte',NULL),(146,1,'Paola ','nuu@gmail.com','31996641746','No','Rua itanaje','104','casa','Salgado Filho','Belo Horizonte',NULL),(147,1,'Norly','nuu@gmail.com','31999727867','No','Rua Aucenas','---','de 621/622 ao fim','Nova Sussa','Belo Horizonte',NULL),(148,1,'Daniela Aparecida linhares','nuu@gmail.com','31986042885','No','Avenida Teresa Cristina','4510','de 3953 a 6743 - lado mpar','Gameleira','Belo Horizonte',NULL),(149,1,'Daniela Aparecida linhares','nuu@gmail.com','31986042885','No','Rua Lapinha','741','402','Salgado Filho','Belo Horizonte',NULL),(150,1,'Andre enrique lobato','nuu@gmail.com','31999325303','No','Araujo viana','41','casa','Salgado Filho','Belo Horizonte',NULL),(151,1,'Rafael de Deus mendona ','nuu@gmail.com','31983301414','No','Rua Patrocinio ','123','Ap 1001','Carlos Prates','Belo Horizonte',NULL),(152,1,'Larissa kelly ramos ','nuu@gmail.com','319987561992','No','Rua Zurick','930','Ap 102','Nova Sussa','Belo Horizonte',NULL),(153,1,'Larissa kelly ramos ','nuu@gmail.com','31987561992','No','Rua Zurick','930','Ap 102','Nova Sussa','Belo Horizonte',NULL),(154,1,'Maria Elza Jardim de Deus ','nuu@gmail.com',' 31 98497-6266','No','Av. Tereza Cristina ','5905','casa','Salgado Filho','Belo Horizonte',NULL),(155,1,'Pricila Augusta de Noronha Cardoso ','nuu@gmail.com',' 31 99191-8105','No','Rua Costa Pacheco','37','casa','Salgado Filho','Belo Horizonte',NULL),(156,1,'Pricila Augusta de Noronha Cardoso ','nuu@gmail.com','31991918105','No','Rua Costa Pacheco','37','casa','Salgado Filho','Belo Horizonte',NULL),(157,1,'Ederson Soares/Marcela','nuu@gmail.com','31984937093','No','Domingos rocha ','669','Ap 203','Salgado Filho','BH',NULL),(158,1,'Ederson Soares/Marcela','nuu@gmail.com','31984937093','No','Domingos rocha ','669','ap203','Salgado Filho','Belo Horizonte',NULL),(159,1,'Thais','nuu@gmail.com','31998554088','No','pedir endereo','---','casa','Salgado Filho','BH',NULL),(160,1,'izabela Diniz rocha ','nuu@gmail.com','31998423376','No','Rua Tapirapeco','450','de 3953 a 6743 - lado mpar','Gameleira','Belo Horizonte',NULL),(161,1,'Anderson Collares Castanheira ','nuu@gmail.com','31991340676','No','Rua Professora Bartira Mouro','571','302','Buritis','Belo Horizonte',NULL),(162,1,'Anderson Collares Castanheira ','nuu@gmail.com','31991340676','No','Rua Professora Bartira Mouro','571','Ap 302','Buritis','Belo Horizonte',NULL),(163,1,'Alba Carvalho','nuu@gmail.com','31975645139','No','Rua Oscar Coelho dos Santos','121','casa','Salgado Filho','Belo Horizonte',NULL),(164,1,'Dora','nuu@gmail.com','31998641393','No','PERGUNTAR ENDEREO','--','--','Salgado Filho','BH',NULL),(165,1,'Ane Karoline julio reis ','nuu@gmail.com','3198935020','No','Rua sis Magalhes','59','casa','Betnia','Belo Horizonte',NULL),(166,1,'Pricila Augusta de Noronha Cardoso ','nuu@gmail.com','31991918105','No','Rua Costa Pacheco','37','casa','Salgado Filho','Belo Horizonte',NULL),(167,1,'Iasmin Cristina da silva','nuu@gmail.com','31987021335','No','Rua Emdio Beruto','28','casa','Cinquentenrio','Belo Horizonte',NULL),(168,1,'Brenda Cristina Gonalves','nuu@gmail.com','31975154873','No','Rua Domingos Rocha','324','casa','Salgado Filho','Belo Horizonte',NULL),(169,1,'Giovana Talini/ Viviane Cristina','nuu@gmail.com','31983147420','No','Rua Doutor Orestes Diniz','215','casa','Nova Sussa','Belo Horizonte',NULL),(170,1,'Wender Bras de Medeiros','nuu@gmail.com','31997897644','No','Rua Lagoa da Prata','865','casa','Salgado Filho','Belo Horizonte',NULL),(171,1,'Brenda Cristina Gonalves','nuu@gmail.com','31975154873','on','Rua Domingos Rocha','324','de 201/202 ao fim','Salgado Filho','Belo Horizonte',NULL),(172,1,'Danielle de fatima oliveira','nuu@gmail.com','31986872025','on','Rua Antonio campos','168','casa','Nova Gameleira','Belo Horizonte',NULL),(173,1,'Geovana almeida rezende','nuu@gmail.com','+1(703)2984662','on','Rua Costa Pacheco','67','casa','Salgado Filho','Belo Horizonte',NULL),(174,1,'Domingos anielo polcaro/ Luzia','nuu@gmail.com','31999629343','on','Rua da Igualdade','247','casa','Nova Gameleira','Belo Horizonte',NULL),(175,1,'Mariana portes schineider ','nuu@gmail.com','31992028888','on','Rus Esmeralda ','425','Ap 202','Prado','Belo Horizonte',NULL),(176,1,'vanessa santos','nuu@gmail.com','31994144742','on','Rua Goneri','451','casa','Gameleira','Belo Horizonte',NULL),(177,1,'vanessa santos','nuu@gmail.com','31994144742','on','Rua Goneri','471','casa','Gameleira','Belo Horizonte',NULL),(178,1,'Maria ','nuu@gmail.com','31989150623','on','Rua Neuza','408','casa','Ventosa','Belo Horizonte',NULL),(179,1,'Maria ','nuu@gmail.com','31989150623','on','Rua Neuza','408','CASA','Ventosa','Belo Horizonte',NULL),(180,1,'Mari','nuu@gmail.com','31989150623','on','Rua Neuza','408','casa','Ventosa','Belo Horizonte',NULL),(181,1,'Izabela ','nuu@gmail.com','31992325994','on','Rua Jacarepagu','242','Ap 301','Jardim Amrica','Belo Horizonte',NULL),(182,1,'Rebeca Santos ','nuu@gmail.com','31999533623','on','Rua Arajo Viana','41','ap 604','Salgado Filho','Belo Horizonte',NULL),(183,1,'Kellen ','nuu@gmail.com','31994033720','on','Rua Machado nunes','191','casa','Salgado Filho','Belo Horizonte',NULL),(184,1,'Joana ','nuu@gmail.com','31994703564','on','Rua Gvea','50','Ap 202','Jardim Amrica','Belo Horizonte',NULL),(185,1,'Joana ','nuu@gmail.com','31994703564','on','Rua Gvea','50','ap202','Jardim Amrica','Belo Horizonte',NULL),(186,1,'Joana ','nuu@gmail.com','31994703564','on','Rua Gvea','50','ap 202','Jardim Amrica','Belo Horizonte',NULL),(187,1,'Pedro','nuu@gmail.com','31991100877','on','PERGUNTAR ENDEREO','--','--','---','---',NULL),(188,1,'Pedro','nuu@gmail.com','31991100877','on','PERGUNTAR ENDEREO','--','--','--','--',NULL),(189,1,'Kelly Regina Rodrigues Alves','nuu@gmail.com','31989624460','on','Rua Araruana','203','casa','Salgado Filho','Belo Horizonte',NULL),(190,1,'Raphaelle Cristine de souza ','nuu@gmail.com','31994643677','on','Rua Corcovado','1319','casa','Jardim Amrica','Belo Horizonte',NULL),(191,1,'Clesley honorato machado ','nuu@gmail.com','3199404-2826','on','Domingos rocha ','593','Ap 201','Salgado Filho','Belo Horizonte',NULL),(192,1,'Gleiziane Fagundes','GleizianFagundes@gmail.com','31971225869','on','Rua Batista Carneiro','162','apt 11','Salgado Filho','Belo Horizonte',NULL),(193,1,'Rafael de Deus mendona ','nuu@gmail.com','31983301414','on','Rua Patrocnio','123','Ap 1001','Carlos Prates','Belo Horizonte',NULL),(194,1,'Leticia Paiva','nuu@gmail.com','21994022386','on','Rua Andr Fernandes','21','Ap 202','Nova Sussa','Belo Horizonte',NULL),(195,1,'Amanda  Fernandes de Almeida','nuu@gmail.com','31994445710','on','Rua monte simplon ','1472','Ap 301','Salgado Filho','Belo Horizonte',NULL),(196,1,'Beatriz Ribeiro De Senna ','nuu@gmail.com','31973512607','on','Rua Domingos Rocha ','736','casa','Salgado Filho','Belo Horizonte',NULL),(197,1,'Junia Marcia de Moura Ferreira ','nuu@gmail.com','31999410748','on','Rua Baltazar Reis','40','301','Salgado Filho','Belo Horizonte',NULL),(198,1,'Sharon Caroline Gomes Costa ','nuu@gmail.com','31991676099','on','Rua Cercadinho ','222','ap 501','Salgado Filho','Belo Horizonte',NULL),(199,1,'Marina Ramos Dolabela','nuu@gmail.com','31989796737','on','Rua Maestro Jos Flores ','46','501','Salgado Filho','Belo Horizonte',NULL),(200,1,'Wanderon Ribeiro ','nuu@gmail.com','31998692803','on','Rua Divisa Nova','136','casa','Salgado Filho','Belo Horizonte',NULL),(201,1,'Willian de Andrade Caroba','nuu@gmail.com','31992606980','on','Rua Carmelita Prates da Silva','250','CASA','Salgado Filho','Belo Horizonte',NULL),(202,1,'Deyse A. Silva','nuu@gmail.com','31973426611','on','Rua Carmelita Prates da Silva','669','casa','Salgado Filho','Belo Horizonte',NULL),(203,1,'Gislene ','nuu@gmail.com','31993597994','on','Rua mega','215','ap 101','Jardim Amrica','Belo Horizonte',NULL),(204,1,'Murilo ','nuu@gmail.com','31999896294','on','Rua Lagoa da Prata','472','loja ','Salgado Filho','Belo Horizonte',NULL),(205,1,'Fabola Ribeiro ','nuu@gmail.com','31988242535','on','Rua Lapinha','741','apto 701 ','Salgado Filho','Belo Horizonte',NULL),(206,1,'Gabriela Moreira Rodrigues ','nuu@gmail.com','319 9918-5172','on','Rua Monte Simplon','965','.','Salgado Filho','Belo Horizonte',NULL),(207,1,'Lizandra Lage Ferreira ','nuu@gmail.com','+55 31 7564-8076','on','Rua Doutor Orestes Diniz','100','108','Nova Sussa','Belo Horizonte',NULL),(208,1,'Andrea Miranda','nuu@gmail.com','31992331776','on','Rua Indiana','670','Ap 101','Jardim Amrica','Belo Horizonte',NULL),(209,1,'Geraldo Malta','nuu@gmail.com','31991402468','on','Rua Monte Simplon','580','de 251/252 a 709/710','Nova Sussa','Belo Horizonte',NULL),(210,1,'Geraldo Malta','nuu@gmail.com','31991402468','on','Rua Monte Simplon','580','de 251/252 a 709/710','Nova Sussa','Belo Horizonte',NULL),(211,1,'Camila','nuu@gmail.com','31998194527','on','Rua Paracaima','98','casa','Salgado Filho','Belo Horizonte',NULL),(212,1,'Josiane da silva veloso','nuu@gmail.com','31985923421','on','Rua Campina Verde','430','A','Salgado Filho','Belo Horizonte',NULL),(213,1,' Tereza do PradoLisboa','nuu@gmail.com','31996970425','on','Rua Vera Cruz','104','CASA','Nova Sussa','Belo Horizonte',NULL),(214,1,'Aline fonseca assuno ','nuu@gmail.com','31991518767','on','Avenida Miguel Moyss','70','casa','Gameleira','Belo Horizonte',NULL),(215,1,'Daisy','nuu@gmail.com','31995727988','on','Rua Artemsias','---','--','Maraj','Belo Horizonte',NULL),(216,1,'Alessandra Silva','nuu@gmail.com','31982172253','on','Rua Carmo da Cachoeira','61','casa','Salgado Filho','Belo Horizonte',NULL),(217,1,'Alessandra Silva','nuu@gmail.com','31982172253','on','Rua Carmo da Cachoeira','61','casa','Salgado Filho','Belo Horizonte',NULL),(218,1,'Fernanda cristina Sales','nuu@gmail.com','319','on','Avenida Teresa Cristina','4510','de 3953 a 6743 - lado mpar','Gameleira','Belo Horizonte',NULL),(219,1,'Fernanda cristina Sales','nuu@gmail.com','31995592486','on','Avenida Teresa Cristina','4510','de 3953 a 6743 - lado mpar','Gameleira','Belo Horizonte',NULL),(220,1,'Caroline Ingrid de Freitas Vidal','nuu@gmail.com','+55 31 98942-6795','on','Rua Curitibanos','111','Ap 407','Jardim Amrica','Belo Horizonte',NULL),(221,1,'Luana joplin de oliveira costa ','nuu@gmail.com','31973595170','on','Rus Isis Magalhes ','29','casa','Betnia','Belo Horizonte',NULL),(222,1,'Suelen Guimares','nuu@gmail.com','31996243511','on','Estrada do Cercadinho','1457','Ap 401','Jardim Amrica','Belo Horizonte',NULL),(223,1,'Suelen Guimares','nuu@gmail.com','31996243511','on','Estrada do Cercadinho','1457','Ap 401','Jardim Amrica','Belo Horizonte',NULL),(224,1,'Elzo','nuu@gmail.com','31983738067','on','Rua Adutora','215','casa','Salgado Filho','Belo Horizonte',NULL),(225,1,'Rubem ','nuu@gmail.com','31992758943','on','---------------','--','--','Salgado Filho','Belo Horizonte',NULL),(226,1,'Elzo','nuu@gmail.com','31983738067','on','--------','----','--','Salgado Filho','Belo Horizonte',NULL),(227,1,'Juliana','nuu@gmail.com','31983048726','on','Rua Monte Branco','539','casa','Nova Sussa','Belo Horizonte',NULL),(228,1,'Lucinha/ Edgar','nuu@gmail.com','319975176749','on','---','----','-','Salgado Filho','Belo Horizonte',NULL),(229,1,'Marluce ines de moraes','nuu@gmail.com','31972046106','on','Rua Herculano Pena','95','at 519/520','Nova Sussa','Belo Horizonte',NULL),(230,1,'Adriana Ribeiro','nuu@gmail.com','31999724801','on','Rua Carmelita Prates da Silva','590','AP 201','Salgado Filho','Belo Horizonte',NULL),(231,1,'Nayara da Silva Claudio','nuu@gmail.com','31984543334','on','Rua Jota Jnior','61','casa','Salgado Filho','Belo Horizonte',NULL),(232,1,'Nayara da Silva Claudio','nuu@gmail.com','31984543334','on','Rua Jota Jnior','61','casa','Salgado Filho','Belo Horizonte',NULL),(233,1,'C. Luisa Alves Dias','nuu@gmail.com','31996842346','on','Rua Araruana','56','de 21/22 ao fim','Salgado Filho','Belo Horizonte',NULL),(234,1,'Rafaella Oliveira Pereira ','nuu@gmail.com','319994768550','on','Rua Conselheiro Carneiro de Campos','357','b','Salgado Filho','Belo Horizonte',NULL),(235,1,'Rafael de Deus mendona ','nuu@gmail.com','319','on','Rua Conselheiro Carneiro de Campos','357','b','Salgado Filho','Belo Horizonte',NULL),(236,1,'Rafael de Deus mendona ','nuu@gmail.com','31994768550','on','Rua Conselheiro Carneiro de Campos','357','b','Salgado Filho','Belo Horizonte',NULL),(237,1,'Kelliana','nuu@gmail.com','31984650755','on','Rua Virginpolis','493','casa','Santa Sofia','Belo Horizonte',NULL),(238,1,'Kelliana','nuu@gmail.com','31984650755','on','Rua Virginpolis','493','casa','Santa Sofia','Belo Horizonte',NULL),(239,1,'Anita Maria Melo Nunes','nuu@gmail.com','31993400041','on','Rua Lapinha','65','Ap 802','Salgado Filho','Belo Horizonte',NULL),(240,1,' Flvia Lopes de Andrade Freitas.','nuu@gmail.com','319','on','Rua Batista Carneiro','136','bloco 7 Ap 202','Salgado Filho','Belo Horizonte',NULL),(241,1,'Letcia Alves Rodrigues farnezi ','nuu@gmail.com','+55 31 98114-6466','on','Avenida Amazonas','6890 ','de 5701/5702 a 8999/9000','Gameleira','Belo Horizonte',NULL),(242,1,'Tasso Caquestro Costa','nuu@gmail.com','31984964885','on','Rua Alpes','624','ap402','Nova Sussa','Belo Horizonte',NULL),(243,1,'Weslley Norberto da Cruz','nuu@gmail.com','31971049144','on','Rua Maria Delfina','267','A','Cinquentenrio','Belo Horizonte',NULL),(244,1,'Sergio Antonio Rancante ','nuu@gmail.com','31992337348','on','Souza guimaraes','23','ap 401','salgado filho','belo horizonte',NULL),(245,1,'Anglica tomaz da Silva','nuu@gmail.com','31991245549','on','Rua Itanaj','100','caasa','Salgado Filho','Belo Horizonte',NULL),(246,1,' Luciana Dogliani ','nuu@gmail.com','+55 31 99442-1231','on','Rua Corcovado','814','Ap 302','Jardim Amrica','Belo Horizonte',NULL),(247,1,'Luciana Dogliani ','nuu@gmail.com','+55 31 9442-1231','on','Rua Corcovado','814','Ap 302','Jardim Amrica','Belo Horizonte',NULL),(248,1,'Lucia minervina pimenta','nuu@gmail.com','31971972735','on','Rua Seis','10','casa','Nova Gameleira','Belo Horizonte',NULL),(249,1,'Renata Paiva','nuu@gmail.com','31989798636','on','Rua Magi Salomon','227','Ap401','Salgado Filho','Belo Horizonte',NULL),(250,1,'Milena Prado ','nuu@gmail.com','31975659676','on','Rua Batista Carneiro','186','Ap 401','Salgado Filho','Belo Horizonte',NULL),(251,1,'Maria eduarda marques ','nuu@gmail.com','31991657388','on','Rua Coimbra','104','cassa','Madre Gertrudes','Belo Horizonte',NULL),(252,1,'Glauci Helemir de moura','nuu@gmail.com','31998544571','on','Rua Herculano Pena','467','casa','Nova Sussa','Belo Horizonte',NULL),(253,1,'Rachel Regina Martins','nuu@gmail.com','31975555188','on','Rua deputado Fabio vasconcelos ','252','casa','Buritis','BH',NULL),(254,1,'Isabela Oliveira Freitas','nuu@gmail.com','31999643728','on','Rua Professora Maria Carolina Campos','91','Ap 214','Nova Sussa','Belo Horizonte',NULL),(255,1,'Isabela Oliveira Freitas','nuu@gmail.com','31999643728','on','Rua Professora Maria Carolina Campos','91','Ap214','Nova Sussa','Belo Horizonte',NULL),(256,1,'Neide Adriana das Chagas','nuu@gmail.com','31996121011','on','Rua Desembargador Drio Lins','9','Ap 304','Nova Sussa','Belo Horizonte',NULL),(257,1,'Luciana Ribeiro Talini','nuu@gmail.com','31983575613','on','Rua Doutor Orestes Diniz','215','Ap 301','Nova Sussa','Belo Horizonte',NULL),(258,1,'Rucar frana pylo','nuu@gmail.com','33121015','on','R. Divisa Nova,','102','casa','Salgado Filho','BH',NULL),(259,1,'Giana Gomes dos Santos ','nuu@gmail.com','31971649051','on','Rua Silva Viana','130','casa','Salgado Filho','Belo Horizonte',NULL),(260,1,'Simone Marques Viana ','nuu@gmail.com','31988092407','on','Rua Goneri','222','casa','Gameleira','Belo Horizonte',NULL),(261,1,'Ana','nuu@gmail.com','31975018925','on','n ','0','0','Salgado Filho','Belo Horizonte',NULL),(262,1,'Renata Maria Otoni de Assis ','nuu@gmail.com','319','on','rua  Lapinha ','65','Ap 401','Salgado Filho','Belo Horizonte',NULL),(263,1,'Renata Maria Otoni de Assis ','nuu@gmail.com','+55 31 9993-8556','on','rua Lapinha','65','Ap 401','Salgado Filho','Belo Horizonte',NULL),(264,1,'Renata Maria Otoni de Assis ','nuu@gmail.com','+55 31 9993-8556','on','Rua lapinha ','65','Ap 401','Salgado Filho','Belo Horizonte',NULL),(265,1,'Renata Maria Otoni de Assis ','nuu@gmail.com','+55 31 9993-8556','on','Rua Lapinha','65','Ap 401','Salgado Filho','Belo Horizonte',NULL),(266,1,'Renata Maria Otoni de Assis ','nuu@gmail.com','+55 31 9993-8556','on','Rua Lapinha','65','Ap 401','Salgado Filho','Belo Horizonte',NULL),(267,1,'Ariana ','nuu@gmail.com','31993097836','on','Rua Santa Juliana','201','casa','Salgado Filho','Belo Horizonte',NULL),(268,1,'Ariana ','nuu@gmail.com','31993097836','on','Rua Santa Juliana','201','casa','Salgado Filho','Belo Horizonte',NULL),(269,1,'Ariana ','nuu@gmail.com','31993097836','on','Rua Santa Juliana','201','casa','Salgado Filho','Belo Horizonte',NULL),(270,1,'Pamela Stefanini Caires elias','nuu@gmail.com','31975342024','on','Rua Jacarepagu','204','Ap 301','Jardim Amrica','Belo Horizonte',NULL),(271,1,'Carla stanglherlin','nuu@gmail.com','31983742515','on','Rua Silva Viana','28','casa','Salgado Filho','Belo Horizonte',NULL),(272,1,'Carla stanglherlin','nuu@gmail.com','319883742515','on','Rua Silva Viana','28','casa','Salgado Filho','Belo Horizonte',NULL),(273,1,'Nathyelle queiroz de souza pires','nuu@gmail.com','31972090976','on','Rua Santa Ceclia','590','casa','Vista Alegre','Belo Horizonte',NULL),(274,1,'Rafaela','nuu@gmail.com','31988276160','on','Rua Yara Lcia','25','casa','Nova Cintra','Belo Horizonte',NULL),(275,1,'Edna de Caires','nuu@gmail.com','319','on','Rua Domingos Rocha','615','Ap 305','Salgado Filho','Belo Horizonte',NULL),(276,1,'Edna de Caires','nuu@gmail.com','+55 31 9609-2749','on','Rua Domingos Rocha','615','Ap 301','Salgado Filho','Belo Horizonte',NULL),(277,1,' MICHELLE DE ASSIS RODRIGUES SABADINI','nuu@gmail.com','+55 31 9996-6776','on','Rua Conselheiro Pires da Mota','39','casa','Salgado Filho','Belo Horizonte',NULL),(278,1,'Ian alves corrieri','nuu@gmail.com','31996116656','on','Rua Lapinha','749','casa','Salgado Filho','Belo Horizonte',NULL),(279,1,'Luciana Oliveira','nuu@gmail.com','31985168978','on','Rua Marcos Valle Mendes','93','casa1','Salgado Filho','Belo Horizonte',NULL),(280,1,'Esthephany iskarlethy rocha','nuu@gmail.com','33991381120','on','Rua Carmelita Prates da Silva','424','casa','Salgado Filho','Belo Horizonte',NULL),(281,1,'Izadora Onofre de Oliveira ','nuu@gmail.com','55 31 9186-9097','on','Rua peperi','1010','casa','Nova granada','Belo Horizonte',NULL),(282,1,'Kamilla Souza Costa','nuu@gmail.com','+55 33 8878-8808','on','Rua Carmelita Prates da Silva','590','casa','Salgado Filho','Belo Horizonte',NULL),(283,1,'Layla e Sanderson','nuu@gmail.com','32984316647','on','Rua Tapirapeco','20 ','casa','Salgado Filho','Belo Horizonte',NULL),(284,1,'luciana ferreir a silva','nuu@gmail.com','31971020197','on','Rua Jos de Arajo Fernandes','618','casa','Salgado Filho','Belo Horizonte',NULL),(285,1,'Anderson Osrio carneiro','nuu@gmail.com','31987633285','on','Avenida Teresa Cristina','6280','de 3954 a 7600 - lado par','Vista Alegre','Belo Horizonte',NULL),(286,1,'Giovana candeias ','nuu@gmail.com','31983047746','on','Rua Santos','1704 b','de 1681/1682 ao fim','Jardim Amrica','Belo Horizonte',NULL),(287,1,'Giovana candeias ','nuu@gmail.com','3183047746','on','Rua Santos','1704b','de 1681/1682 ao fim','Jardim Amrica','Belo Horizonte',NULL),(288,1,'Michele Braga  pires','nuu@gmail.com','31998362162','on','Rua Antnio Bernardo','64','casa','Nova Cintra','Belo Horizonte',NULL),(289,1,'Elisabete dos Santos ','nuu@gmail.com','31998977052','on','Rua Condor','574','casa','Nova Cintra','Belo Horizonte',NULL),(290,1,'Andr luis da silva','nuu@gmail.com','31998501407','on','Rua Campo Formoso','443','casa','Salgado Filho','Belo Horizonte',NULL),(291,1,'Izac joao miura magela ','nuu@gmail.com','31997709709','on','Rua Xavier da Veiga','178','Ap 201','Minas Brasil','Belo Horizonte',NULL),(292,1,'Fbio Aleixo  Lais Rocha ','nuu@gmail.com','31984271338','on','Rua Monte Simplon','550','Ap 903','Nova Sussa','Belo Horizonte',NULL),(293,1,'Rodrigo Alves da Silva','nuu@gmail.com','31986962266','on','Rua Santos','1886','de 1681/1682 ao fim','Jardim Amrica','Belo Horizonte',NULL),(294,1,'Mateus Henrique da Silva','nuu@gmail.com','31987723700','on','Rua rsula Paulino','409','Ap 501','Cinquentenrio','Belo Horizonte',NULL),(295,1,'Juscelino','nuu@gmail.com','31986947769','on','Beco So Sebastio','30','casa','Ventosa','Belo Horizonte',NULL),(296,1,'Renata','nuu@gmail.com','31991101587','on','Rua guas Formosas','70','casa','Salgado Filho','Belo Horizonte',NULL),(297,1,'Rennan','nuu@gmail.com','31 98648-4878','on','Rua Martins Soares','295','casa','Vista Alegre','Belo Horizonte',NULL),(298,1,'Rosemeire libia','nuu@gmail.com','3198421-3027','on','Rua Corcovado','27','at 199/200','Nova Sussa','Belo Horizonte',NULL),(299,1,'Ariane Golalves Araujo','nuu@gmail.com','31972209672','on','Rua Catadupas','30','Ap 402','Salgado Filho','Belo Horizonte',NULL),(300,1,'Carmezita de Souza Santos','nuu@gmail.com','31987079801','on','Rua Znia','339','casa','Hava','Belo Horizonte',NULL),(301,1,'Naiara Gomes','nuu@gmail.com','31975447027','on','Rua Arlindo santos reis','32','casa','Gameleira','Belo Horizonte',NULL),(302,1,'Thaynara Patricia tavares','nuu@gmail.com','31984955458','on','Rua Domingos Rocha','611','Ap301','Salgado Filho','Belo Horizonte',NULL),(303,1,'Daiane','nuu@gmail.com','31992543493','on','Rua Baltazar Reis','40','Ap 202','Salgado Filho','Belo Horizonte',NULL),(304,1,'Cleide regina da Silva','nuu@gmail.com','31992259102','on','Rua Costa Pacheco','110','Ap 302','Salgado Filho','Belo Horizonte',NULL),(305,1,'Leidiane Feitosa de Souza','nuu@gmail.com','31994950526','on','rua quatro ','40','casa','Nova Gameleira','Belo Horizonte',NULL),(306,1,'Regiane  Gabriele ','nuu@gmail.com','319888132623057','on','Rua Olavo Bernardes','49','casa','Hava','Belo Horizonte',NULL),(307,1,'Mayra Teixeira','nuu@gmail.com','31996321009','on','Rua Maria da F','151 ','Casa A','Salgado Filho','Belo Horizonte',NULL),(308,1,'Flvia de Brito Silva','nuu@gmail.com','31991553191','on','Rua Lagoa da Prata','410','casa','Salgado Filho','Belo Horizonte',NULL),(309,1,'Vinicius Ferreira diniz','nuu@gmail.com','31994150189','on','Rua Lagoa da Prata','538','casa','Salgado Filho','Belo Horizonte',NULL),(310,1,'Pollyanna Karla Fernandes','nuu@gmail.com','31993806576','on','Rua Frei Andreoni','436','casa','Salgado Filho','Belo Horizonte',NULL),(311,1,'Priscila Melo Pena','nuu@gmail.com','31 99795-5095','on','Rua Papoula Vermelha','312','casa','Hava','Belo Horizonte',NULL),(312,1,'Isadora Moreira Andrade','nuu@gmail.com','31984201745','on','Rua Professora Maria Carolina Campos','131','apartamento 104','Nova Sussa','Belo Horizonte',NULL),(313,1,'Barbara Mainig ','nuu@gmail.com','31985475099','on','Rua Ibiraci','93','CASA B','Salgado Filho','Belo Horizonte',NULL),(314,1,'Andre Alves de Matos','nuu@gmail.com','+55 31 97356-0651','on','Rua Lagoa da Prata','472','casa','Salgado Filho','Belo Horizonte',NULL),(315,1,'Thania almeida de miranda','nuu@gmail.com','31993303909','on','Rua Domingos Rocha','581','ap 309','Salgado Filho','Belo Horizonte',NULL),(316,1,'Amanda Galvo ','nuu@gmail.com','31983381166','on','Rua Oscar Coelho dos Santos','55','casa','Salgado Filho','Belo Horizonte',NULL),(317,1,'Mauricio Augusto','nuu@gmail.com','31988725569','on','Magi Salomon','677','casa','SALGADO FILHO',' BELO HORIZONTE',NULL),(318,1,'Tassio Adail neves alves','nuu@gmail.com','31999161387','on','Rua Lapinha','741','Ap 303','Salgado Filho','Belo Horizonte',NULL),(319,1,'Luana Cristina Pessoa Alves','nuu@gmail.com','31997727740','on','Rua Carmelita Prates da Silva','590','Ap 02','Salgado Filho','Belo Horizonte',NULL),(320,1,'Luana Cristina Pessoa Alves','nuu@gmail.com','31997727740','on','Rua Carmelita Prates da Silva','590','Ap 402','Salgado Filho','Belo Horizonte',NULL),(321,1,'Samantha Malumbres de Sales','nuu@gmail.com','31991761266','on','Rua Jlio de Castilho','1000','Ap 801','Cinquentenrio','Belo Horizonte',NULL),(322,1,'Izabela Alves Braga','nuu@gmail.com','+55 31 9675-1126','on','Rua Carmelita Prates da Silva','1154','casa','Salgado Filho','Belo Horizonte',NULL),(323,1,'Rafaela','nuu@gmail.com','+55 31 7345-0644','on','Rua Jota Jnior','168','casa','Salgado Filho','Belo Horizonte',NULL),(324,1,'Rosana','nuu@gmail.com','+55 31 8825-9463','on','PERGUNTAR ENDEREO','00','casa','Salgado Filho','Belo Horizonte',NULL),(325,1,'Marlene','nuu@gmail.com','31987443262','on','Rua Doutor Orestes Diniz','25','Ap 203','Nova Sussa','Belo Horizonte',NULL),(326,1,'Rogrio luis zanetti','nuu@gmail.com','31991969214','on','Rua Poruna','254','casa','Salgado Filho','Belo Horizonte',NULL),(327,1,'Gleison Duarte Rocha','nuu@gmail.com','31987415581','on','Rua Gerosino Pereira de Almeida','1450','casa','Salgado Filho','Belo Horizonte',NULL),(328,1,'Meire ','nuu@gmail.com','319','on','rua laurival gonalves de oliveira ','280','casa','Parque Sao Jose','Belo Horizonte',NULL),(329,1,'Beatriz/Ana','nuu@gmail.com','31992486150','on','Rua Estevo Messias','95','casa','Imbabas','Belo Horizonte',NULL),(330,1,'walerson','nuu@gmail.com','31975421979','on','Rua Maria beatriz ','34','casa','Havai','Belo Horizonte',NULL),(331,1,'Renata','nuu@gmail.com','31987909139','on','----','--','--','Salgado Filho','Belo Horizonte',NULL),(332,1,'Mnica','nuu@gmail.com','31984191843','on','Rua  Jurupari','77','casa','Santa Lcia','Belo horizonte',NULL),(333,1,'Carla Assis ','nuu@gmail.com','+1(385)4165928','on','Rua Jota Jnior','67','casa','Salgado Filho','Belo Horizonte',NULL),(334,1,'Fbio ','nuu@gmail.com','+55 31 9252-8049','on','Rua Gerosino Pereira de Almeida','1493','casa','Salgado Filho','Belo Horizonte',NULL),(335,1,'Ana clara souza da silva','nuu@gmail.com','31993219469','on','Rua guas Formosas','16','casa','Salgado Filho','Belo Horizonte',NULL),(336,1,'Gergia Rolla Becho Ronato','nuu@gmail.com','+55 31 9585-7674','on','Rua Batista Carneiro','136','404 bloco7','Salgado Filho','Belo Horizonte',NULL),(337,1,' marilene ap dalolio silva','nuu@gmail.com','+55 31 9924-0167','on','Rua  Ana Maria Duarte ','111','ou 119','Nova Cintra','Belo Horizonte',NULL),(338,1,' Milton Carlos','nuu@gmail.com','+55 33 9139-1501','on','Rua Gvea','50','301','Jardim Amrica','Belo Horizonte',NULL),(339,1,'Terezinha','nuu@gmail.com','3198863601','on','Rua Verssimo','78','casa','Salgado Filho','Belo Horizonte',NULL),(340,1,'Sofia souza','nuu@gmail.com','31992498085','on','Rua Paracaima','70','casa','Salgado Filho','Belo Horizonte',NULL),(341,1,'Simone Nunes Dos Reis','nuu@gmail.com','+55 319 9176-2358','on','Avenida Teresa Cristina','262','goneri','Carlos Prates','Belo Horizonte',NULL),(342,1,'Ingrid Resende de Almeida Leite','nuu@gmail.com','55 319 8613-1648','on','Rua Guiricema','50','casa','Salgado Filho','Belo Horizonte',NULL),(343,1,' Tania vieira Rocha','nuu@gmail.com',' 99322-2980','on','Rua Lapinha','791','beco','Salgado Filho','Belo Horizonte',NULL),(344,1,'Marry','nuu@gmail.com','3198981-1841','on','Rua Araruana','248','ap 101','Salgado Filho','Belo Horizonte',NULL),(345,1,'Railane Gomes','nuu@gmail.com','319 8260-4365','on','Rua C','75','casa 5','Jardinpolis','Belo Horizonte',NULL),(346,1,'Fatima Ribeiro ','nuu@gmail.com','31987081408 ','on','Rua Lagoa da Prata','472','casa','Salgado Filho','Belo Horizonte',NULL),(347,1,'Jorge Rosa da Silva','nuu@gmail.com','31996174613','on','Rua Guiricema','329','casa','Salgado Filho','Belo Horizonte',NULL),(348,1,'Pedro Canado','nuu@gmail.com','31998611759','on','Rua Orqudeas','150','bloco 8','Maraj','Belo Horizonte',NULL),(349,1,'SELMA NUNES GOUVEIA','nuu@gmail.com','3199920-1650','on','Rua Lagoa da Prata','472','loja','Salgado Filho','Belo Horizonte',NULL),(350,1,'GISELE DE FATIMA CRUZ','nuu@gmail.com','3198950-4481','on','Rua Magi Salomon','360','casa','Salgado Filho','Belo Horizonte',NULL),(351,1,'Vitoria Dias','nuu@gmail.com',' 99898-7324','on','rua lagoa da prata ','472','loja','salgado filho','Belo Horizonte',NULL),(352,1,'Melissa Maia / Iolanda Maia','nuu@gmail.com','31 9869-3311','on','Rua Lagoa da Prata','472','LOJA','Salgado Filho','Belo Horizonte',NULL),(353,1,'Eva','eva@gmail.com','31973108075','on','Rua Lagoa da Prata','472','casa','Salgado Filho','Belo Horizonte',NULL),(354,1,'Joao Pedro','joaopedro@gmail.com','31994506931','on','Rua Lagoa da Prata','4510','loja','Salgado Filho','Belo Horizonte',NULL),(355,1,'Fernanda','Fernandaa@gmail.com','31991101587','on','Rua guas Formosas','70','casa','Pedra Azul','Contagem',NULL),(356,1,'Fabricio','fabricio@gmail.com','31999707784','on','Rua Lagoa da Prata','4510','casa','Salgado Filho','Belo Horizonte',NULL),(357,1,'Natalia Vieira de Sousa ','Natalia@gmail.com','31998784674','on','Rua Lapinha','793','beco','Salgado Filho','Belo Horizonte',NULL),(358,1,'Edvanio','edivanio170@gmail.com','31975603882','on','Rua Goneri','4070','casa','Gameleira','Belo Horizonte',NULL),(359,1,'Gustavo Salles','GustavoSalles@gmail.com','31982875406','on','Rua Seringueira','516','casa','Nova Gameleira','Belo Horizonte',NULL),(360,1,'Melissa','nuu@gmail.com','9790-5609','on','Rua Paracaima','357','casa A','Salgado Filho','Belo Horizonte',NULL),(361,1,'papai ferrari ','','','on','','','','','',NULL);
/*!40000 ALTER TABLE `cliente` ENABLE KEYS */;
UNLOCK TABLES;

--
-- Table structure for table `colaborador`
--

DROP TABLE IF EXISTS `colaborador`;
/*!40101 SET @saved_cs_client     = @@character_set_client */;
/*!50503 SET character_set_client = utf8mb4 */;
CREATE TABLE `colaborador` (
  `id` int NOT NULL AUTO_INCREMENT,
  `nome` varchar(255) NOT NULL,
  `cargo` varchar(100) DEFAULT NULL,
  `telefone` varchar(20) DEFAULT NULL,
  `email` varchar(150) DEFAULT NULL,
  `data_admissao` date DEFAULT NULL,
  `ativo` tinyint(1) DEFAULT '1',
  `criado_em` datetime DEFAULT CURRENT_TIMESTAMP,
  PRIMARY KEY (`id`)
) ENGINE=InnoDB DEFAULT CHARSET=utf8mb4 COLLATE=utf8mb4_0900_ai_ci;
/*!40101 SET character_set_client = @saved_cs_client */;

--
-- Dumping data for table `colaborador`
--

LOCK TABLES `colaborador` WRITE;
/*!40000 ALTER TABLE `colaborador` DISABLE KEYS */;
/*!40000 ALTER TABLE `colaborador` ENABLE KEYS */;
UNLOCK TABLES;

--
-- Table structure for table `consulta`
--

DROP TABLE IF EXISTS `consulta`;
/*!40101 SET @saved_cs_client     = @@character_set_client */;
/*!50503 SET character_set_client = utf8mb4 */;
CREATE TABLE `consulta` (
  `id` int NOT NULL AUTO_INCREMENT,
  `estabelecimento_id` int NOT NULL,
  `cliente_id` int NOT NULL,
  `pet_id` int NOT NULL,
  `data` date NOT NULL,
  `hora` time NOT NULL,
  `observacoes` text,
  `criado_em` datetime DEFAULT CURRENT_TIMESTAMP,
  `status` enum('aguardando','atendido','cancelado') NOT NULL DEFAULT 'aguardando',
  PRIMARY KEY (`id`),
  KEY `idx_consulta_estabelecimento` (`estabelecimento_id`),
  KEY `idx_consulta_data` (`data`)
) ENGINE=InnoDB AUTO_INCREMENT=8 DEFAULT CHARSET=utf8mb4 COLLATE=utf8mb4_0900_ai_ci;
/*!40101 SET character_set_client = @saved_cs_client */;

--
-- Dumping data for table `consulta`
--

LOCK TABLES `consulta` WRITE;
/*!40000 ALTER TABLE `consulta` DISABLE KEYS */;
INSERT INTO `consulta` VALUES (1,1,348,393,'2025-06-09','14:22:00','','2025-06-09 14:22:03','atendido'),(2,1,24,105,'2025-06-09','14:33:00','fcygdc','2025-06-09 14:33:18','atendido'),(3,1,34,124,'2025-06-10','14:14:00','','2025-06-09 20:18:15','atendido'),(4,1,87,108,'2025-06-09','20:18:00','5t3teg','2025-06-09 20:18:40','aguardando'),(5,1,116,136,'2025-06-10','14:19:00','','2025-06-09 20:19:04','atendido'),(6,1,23,374,'2025-06-09','21:29:00','hfjhkfgmjf','2025-06-09 20:28:43','atendido'),(7,1,23,374,'2025-06-12','08:00:00','','2025-06-12 05:40:35','cancelado');
/*!40000 ALTER TABLE `consulta` ENABLE KEYS */;
UNLOCK TABLES;

--
-- Table structure for table `documento_modelo`
--

DROP TABLE IF EXISTS `documento_modelo`;
/*!40101 SET @saved_cs_client     = @@character_set_client */;
/*!50503 SET character_set_client = utf8mb4 */;
CREATE TABLE `documento_modelo` (
  `id` int NOT NULL AUTO_INCREMENT,
  `titulo` varchar(255) NOT NULL,
  `conteudo` text NOT NULL,
  `criado_em` datetime DEFAULT CURRENT_TIMESTAMP,
  `cabecalho` text,
  `rodape` text,
  PRIMARY KEY (`id`)
) ENGINE=InnoDB AUTO_INCREMENT=8 DEFAULT CHARSET=utf8mb4 COLLATE=utf8mb4_0900_ai_ci;
/*!40101 SET character_set_client = @saved_cs_client */;

--
-- Dumping data for table `documento_modelo`
--

LOCK TABLES `documento_modelo` WRITE;
/*!40000 ALTER TABLE `documento_modelo` DISABLE KEYS */;
INSERT INTO `documento_modelo` VALUES (1,'TERMO DE AUTORIZAO\nPARA INTERNAO E TRATAMENTO CLNICO OU TERMO DE ALTA VETERINRIA ','Fui devidamente orientado(a) quanto aos cuidados ps-alta, administrao de medicamentos, retorno para avaliao e demais recomendaes necessrias.\n\nDeclaro estar ciente das orientaes e me comprometo a segui-las para garantir a recuperao do animal.','2025-06-05 14:53:16','Eu, __________________________________________,\ntutor(a) do animal ________________________,\nrecebo o mesmo em alta mdica da CLNICA VETERINRIA HOME PET,\naps internao e tratamento realizados pelo(a) Mdico(a) Veterinrio(a) ____________________, CRMV ______.','Cidade: __________________, ___ de ________________ de _______.\n\nAssinatura do Tutor: ___________________________'),(6,'odfvopkdnv','<p>dfvdfsb</p>','2025-06-10 14:39:25','<p>fvfdsvbfd</p>','<p>dfbdfb</p>');
/*!40000 ALTER TABLE `documento_modelo` ENABLE KEYS */;
UNLOCK TABLES;

--
-- Table structure for table `exame`
--

DROP TABLE IF EXISTS `exame`;
/*!40101 SET @saved_cs_client     = @@character_set_client */;
/*!50503 SET character_set_client = utf8mb4 */;
CREATE TABLE `exame` (
  `id` int NOT NULL AUTO_INCREMENT,
  `estabelecimento_id` int NOT NULL,
  `pet_id` int DEFAULT NULL,
  `agendamento_id` int DEFAULT NULL,
  `descricao` text,
  `arquivo` text,
  `criado_em` datetime DEFAULT NULL,
  PRIMARY KEY (`id`)
) ENGINE=InnoDB AUTO_INCREMENT=5 DEFAULT CHARSET=utf8mb4 COLLATE=utf8mb4_0900_ai_ci;
/*!40101 SET character_set_client = @saved_cs_client */;

--
-- Dumping data for table `exame`
--

LOCK TABLES `exame` WRITE;
/*!40000 ALTER TABLE `exame` DISABLE KEYS */;
INSERT INTO `exame` VALUES (1,1,100,2,'teste','6809b4eca71e7.png','2025-04-24 00:50:04'),(2,1,100,2,'teste','680a6c9d5c77a.png','2025-04-24 13:53:49'),(3,1,103,2,'teste','680a6cb7997c6.png','2025-04-24 13:54:15'),(4,1,118,3,'hjgecfhelh efkliheij','680ad81276dfd.png','2025-04-24 21:32:18');
/*!40000 ALTER TABLE `exame` ENABLE KEYS */;
UNLOCK TABLES;

--
-- Table structure for table `financeiro`
--

DROP TABLE IF EXISTS `financeiro`;
/*!40101 SET @saved_cs_client     = @@character_set_client */;
/*!50503 SET character_set_client = utf8mb4 */;
CREATE TABLE `financeiro` (
  `id` int NOT NULL AUTO_INCREMENT,
  `estabelecimento_id` int NOT NULL,
  `valor` decimal(10,0) DEFAULT NULL,
  `data` datetime DEFAULT NULL,
  `descricao` varchar(255) CHARACTER SET utf8mb4 COLLATE utf8mb4_unicode_ci DEFAULT NULL,
  `pet_id` int DEFAULT NULL,
  `pet_nome` varchar(255) CHARACTER SET utf8mb4 COLLATE utf8mb4_unicode_ci DEFAULT NULL,
  PRIMARY KEY (`id`)
) ENGINE=InnoDB AUTO_INCREMENT=481 DEFAULT CHARSET=utf8mb4 COLLATE=utf8mb4_unicode_ci;
/*!40101 SET character_set_client = @saved_cs_client */;

--
-- Dumping data for table `financeiro`
--

LOCK TABLES `financeiro` WRITE;
/*!40000 ALTER TABLE `financeiro` DISABLE KEYS */;
INSERT INTO `financeiro` VALUES (1,1,45,'2025-02-28 00:00:00','Pagamento pendente - Servio para o pet: 100',100,NULL),(2,1,45,'2025-02-28 00:00:00','Servio para o pet: 103',103,NULL),(3,1,85,'2025-03-01 00:00:00','Pagamento pendente - Servio para o pet: 104',104,NULL),(4,1,45,'2025-03-01 00:00:00','Servio para o pet: 105',105,NULL),(5,1,45,'2025-03-01 00:00:00','Servio para o pet: 108',108,NULL),(6,1,70,'2025-03-01 00:00:00','Servio para o pet: 111',111,NULL),(7,1,70,'2025-03-01 00:00:00','Servio para o pet: 104',104,NULL),(8,1,45,'2025-03-01 00:00:00','Servio para o pet: 114',114,NULL),(9,1,45,'2025-03-01 00:00:00','Servio para o pet: 115',115,NULL),(10,1,45,'2025-03-01 00:00:00','Servio para o pet: 117',117,NULL),(11,1,70,'2025-03-01 00:00:00','Servio para o pet: 122',122,NULL),(12,1,90,'2025-03-01 00:00:00','Servio para o pet: 118',118,NULL),(13,1,45,'2025-03-01 00:00:00','Servio para o pet: 107',107,NULL),(14,1,45,'2025-03-01 00:00:00','Servio para o pet: 119',119,NULL),(15,1,45,'2025-03-01 00:00:00','Servio para o pet: 120',120,NULL),(16,1,45,'2025-03-01 00:00:00','Servio para o pet: 121',121,NULL),(17,1,70,'2025-03-01 00:00:00','Servio para o pet: 116',116,NULL),(18,1,70,'2025-03-01 00:00:00','Servio para o pet: 123',123,NULL),(19,1,45,'2025-03-03 00:00:00','Pagamento pendente - Servio para o pet: 103',103,NULL),(20,1,120,'2025-03-06 00:00:00','Servio para o pet: 124',124,NULL),(21,1,120,'2025-03-06 00:00:00','Servio para o pet: 125',125,NULL),(22,1,0,'2025-03-06 00:00:00','Servio para o pet: 131',131,NULL),(23,1,70,'2025-03-06 00:00:00','Servio para o pet: 133',133,NULL),(24,1,0,'2025-03-06 00:00:00','Servio para o pet: 142',142,NULL),(25,1,0,'2025-03-06 00:00:00','Servio para o pet: 144',144,NULL),(26,1,0,'2025-03-06 00:00:00','Servio para o pet: 143',143,NULL),(27,1,0,'2025-03-06 00:00:00','Servio para o pet: 145',145,NULL),(28,1,0,'2025-03-06 00:00:00','Servio para o pet: 146',146,NULL),(29,1,0,'2025-03-06 00:00:00','Servio para o pet: 128',128,NULL),(30,1,0,'2025-03-06 00:00:00','Servio para o pet: 138',138,NULL),(31,1,55,'2025-03-06 00:00:00','Servio para o pet: 151',151,NULL),(32,1,55,'2025-03-06 00:00:00','Servio para o pet: 152',152,NULL),(33,1,0,'2025-03-06 00:00:00','Servio para o pet: 154',154,NULL),(34,1,0,'2025-03-06 00:00:00','Servio para o pet: 153',153,NULL),(35,1,45,'2025-03-06 00:00:00','Servio para o pet: 137',137,NULL),(36,1,0,'2025-03-06 00:00:00','Servio para o pet: 156',156,NULL),(37,1,0,'2025-03-06 00:00:00','Servio para o pet: 162',162,NULL),(38,1,45,'2025-03-06 00:00:00','Servio para o pet: 161',161,NULL),(39,1,70,'2025-03-06 00:00:00','Servio para o pet: 160',160,NULL),(40,1,70,'2025-03-06 00:00:00','Servio para o pet: 159',159,NULL),(41,1,70,'2025-03-06 00:00:00','Servio para o pet: 165',165,NULL),(42,1,0,'2025-03-06 00:00:00','Servio para o pet: 132',132,NULL),(43,1,97,'2025-03-06 00:00:00','Servio para o pet: 134',134,NULL),(44,1,70,'2025-03-07 00:00:00','Servio para o pet: 168',168,NULL),(45,1,70,'2025-03-07 00:00:00','Servio para o pet: 179',179,NULL),(46,1,60,'2025-03-07 00:00:00','Servio para o pet: 182',182,NULL),(47,1,30,'2025-03-07 00:00:00','Servio para o pet: 174',174,NULL),(48,1,30,'2025-03-07 00:00:00','Servio para o pet: 175',175,NULL),(49,1,30,'2025-03-07 00:00:00','Servio para o pet: 185',185,NULL),(50,1,30,'2025-03-07 00:00:00','Servio para o pet: 141',141,NULL),(51,1,30,'2025-03-07 00:00:00','Servio para o pet: 140',140,NULL),(52,1,70,'2025-03-07 00:00:00','Servio para o pet: 181',181,NULL),(53,1,70,'2025-03-07 00:00:00','Servio para o pet: 180',180,NULL),(54,1,80,'2025-03-08 00:00:00','Servio para o pet: 155',155,NULL),(55,1,0,'2025-03-08 00:00:00','Servio para o pet: 112',112,NULL),(56,1,185,'2025-03-08 00:00:00','Servio para o pet: 109',109,NULL),(57,1,75,'2025-03-08 00:00:00','Servio para o pet: 188',188,NULL),(58,1,45,'2025-03-08 00:00:00','Servio para o pet: 186',186,NULL),(59,1,90,'2025-03-10 00:00:00','Servio para o pet: 202',202,NULL),(60,1,45,'2025-03-10 00:00:00','Servio para o pet: 215',215,NULL),(61,1,270,'2025-03-10 00:00:00','Servio para o pet: 218',218,NULL),(62,1,70,'2025-03-10 00:00:00','Servio para o pet: 167',167,NULL),(63,1,45,'2025-03-10 00:00:00','Servio para o pet: 216',216,NULL),(64,1,80,'2025-03-11 00:00:00','Servio para o pet: 139',139,NULL),(65,1,0,'2025-03-11 00:00:00','Servio para o pet: 124',124,NULL),(66,1,0,'2025-03-11 00:00:00','Servio para o pet: 125',125,NULL),(67,1,0,'2025-03-11 00:00:00','Servio para o pet: 156',156,NULL),(68,1,0,'2025-03-11 00:00:00','Servio para o pet: 154',154,NULL),(69,1,0,'2025-03-11 00:00:00','Servio para o pet: 146',146,NULL),(70,1,45,'2025-03-11 00:00:00','Servio para o pet: 224',224,NULL),(71,1,70,'2025-03-11 00:00:00','Servio para o pet: 225',225,NULL),(72,1,70,'2025-03-12 00:00:00','Servio para o pet: 223',223,NULL),(73,1,0,'2025-03-12 00:00:00','Servio para o pet: 187',187,NULL),(74,1,0,'2025-03-12 00:00:00','Servio para o pet: 190',190,NULL),(75,1,0,'2025-03-12 00:00:00','Servio para o pet: 130',130,NULL),(76,1,0,'2025-03-12 00:00:00','Servio para o pet: 129',129,NULL),(77,1,0,'2025-03-12 00:00:00','Servio para o pet: 138',138,NULL),(78,1,0,'2025-03-12 00:00:00','Servio para o pet: 128',128,NULL),(79,1,80,'2025-03-12 00:00:00','Servio para o pet: 227',227,NULL),(80,1,45,'2025-03-12 00:00:00','Servio para o pet: 228',228,NULL),(81,1,35,'2025-03-12 00:00:00','Servio para o pet: 236',236,NULL),(82,1,35,'2025-03-12 00:00:00','Servio para o pet: 237',237,NULL),(83,1,0,'2025-03-12 00:00:00','Servio para o pet: 174',174,NULL),(84,1,0,'2025-03-12 00:00:00','Servio para o pet: 175',175,NULL),(85,1,0,'2025-03-12 00:00:00','Servio para o pet: 185',185,NULL),(86,1,0,'2025-03-12 00:00:00','Servio para o pet: 192',192,NULL),(87,1,70,'2025-03-12 00:00:00','Servio para o pet: 231',231,NULL),(88,1,55,'2025-03-12 00:00:00','Servio para o pet: 233',233,NULL),(89,1,70,'2025-03-12 00:00:00','Servio para o pet: 232',232,NULL),(90,1,80,'2025-03-13 00:00:00','Servio para o pet: 242',242,NULL),(91,1,45,'2025-03-13 00:00:00','Servio para o pet: 241',241,NULL),(92,1,0,'2025-03-13 00:00:00','Servio para o pet: 132',132,NULL),(93,1,55,'2025-03-13 00:00:00','Servio para o pet: 100',100,NULL),(94,1,0,'2025-03-13 00:00:00','Servio para o pet: 142',142,NULL),(95,1,0,'2025-03-13 00:00:00','Servio para o pet: 143',143,NULL),(96,1,0,'2025-03-13 00:00:00','Servio para o pet: 145',145,NULL),(97,1,0,'2025-03-13 00:00:00','Servio para o pet: 131',131,NULL),(98,1,0,'2025-03-13 00:00:00','Servio para o pet: 153',153,NULL),(99,1,0,'2025-03-13 00:00:00','Servio para o pet: 144',144,NULL),(100,1,90,'2025-03-13 00:00:00','Servio para o pet: 244',244,NULL),(101,1,0,'2025-03-13 00:00:00','Servio para o pet: 158',158,NULL),(102,1,0,'2025-03-13 00:00:00','Servio para o pet: 157',157,NULL),(103,1,130,'2025-03-13 00:00:00','Servio para o pet: 163',163,NULL),(104,1,70,'2025-03-13 00:00:00','Servio para o pet: 243',243,NULL),(105,1,70,'2025-03-13 00:00:00','Servio para o pet: 245',245,NULL),(106,1,45,'2025-03-14 00:00:00','Servio para o pet: 250',250,NULL),(107,1,45,'2025-03-14 00:00:00','Servio para o pet: 251',251,NULL),(108,1,45,'2025-03-14 00:00:00','Servio para o pet: 240',240,NULL),(109,1,0,'2025-03-14 00:00:00','Servio para o pet: 193',193,NULL),(110,1,45,'2025-03-14 00:00:00','Servio para o pet: 191',191,NULL),(111,1,130,'2025-03-14 00:00:00','Servio para o pet: 147',147,NULL),(112,1,105,'2025-03-14 00:00:00','Servio para o pet: 235',235,NULL),(113,1,0,'2025-03-14 00:00:00','Servio para o pet: 169',169,NULL),(114,1,70,'2025-03-14 00:00:00','Servio para o pet: 256',256,NULL),(115,1,70,'2025-03-14 00:00:00','Servio para o pet: 257',257,NULL),(116,1,55,'2025-03-14 00:00:00','Servio para o pet: 261',261,NULL),(117,1,45,'2025-03-15 00:00:00','Servio para o pet: 258',258,NULL),(118,1,45,'2025-03-15 00:00:00','Servio para o pet: 259',259,NULL),(119,1,80,'2025-03-15 00:00:00','Servio para o pet: 262',262,NULL),(120,1,70,'2025-03-15 00:00:00','Servio para o pet: 264',264,NULL),(121,1,45,'2025-03-15 00:00:00','Servio para o pet: 263',263,NULL),(122,1,30,'2025-03-15 00:00:00','Servio para o pet: 247',247,NULL),(123,1,40,'2025-03-15 00:00:00','Servio para o pet: 110',110,NULL),(124,1,0,'2025-03-15 00:00:00','Servio para o pet: 109',109,NULL),(125,1,45,'2025-03-15 00:00:00','Servio para o pet: 239',239,NULL),(126,1,80,'2025-03-15 00:00:00','Servio para o pet: 267',267,NULL),(127,1,45,'2025-03-15 00:00:00','Servio para o pet: 260',260,NULL),(128,1,45,'2025-03-15 00:00:00','Servio para o pet: 135',135,NULL),(129,1,80,'2025-03-15 00:00:00','Servio para o pet: 115',115,NULL),(130,1,45,'2025-03-15 00:00:00','Servio para o pet: 265',265,NULL),(131,1,90,'2025-03-15 00:00:00','Servio para o pet: 266',266,NULL),(132,1,80,'2025-03-15 00:00:00','Servio para o pet: 117',117,NULL),(133,1,55,'2025-03-15 00:00:00','Servio para o pet: 230',230,NULL),(134,1,55,'2025-03-15 00:00:00','Servio para o pet: 229',229,NULL),(135,1,0,'2025-03-17 00:00:00','Servio para o pet: 125',125,NULL),(136,1,0,'2025-03-17 00:00:00','Servio para o pet: 124',124,NULL),(137,1,0,'2025-03-17 00:00:00','Servio para o pet: 219',219,NULL),(138,1,70,'2025-03-17 00:00:00','Servio para o pet: 268',268,NULL),(139,1,80,'2025-03-17 00:00:00','Servio para o pet: 269',269,NULL),(140,1,0,'2025-03-17 00:00:00','Servio para o pet: 170',170,NULL),(141,1,45,'2025-03-17 00:00:00','Servio para o pet: 271',271,NULL),(142,1,45,'2025-03-17 00:00:00','Servio para o pet: 270',270,NULL),(143,1,0,'2025-03-17 00:00:00','Servio para o pet: 213',213,NULL),(144,1,0,'2025-03-17 00:00:00','Servio para o pet: 131',131,NULL),(145,1,100,'2025-03-17 00:00:00','Servio para o pet: 272',272,NULL),(146,1,70,'2025-03-18 00:00:00','Pagamento pendente - Servio para o pet: 222',222,NULL),(147,1,45,'2025-03-18 00:00:00','Servio para o pet: 277',277,NULL),(148,1,0,'2025-03-18 00:00:00','Servio para o pet: 156',156,NULL),(149,1,0,'2025-03-18 00:00:00','Servio para o pet: 154',154,NULL),(150,1,0,'2025-03-18 00:00:00','Servio para o pet: 146',146,NULL),(151,1,70,'2025-03-18 00:00:00','Servio para o pet: 278',278,NULL),(152,1,45,'2025-03-18 00:00:00','Servio para o pet: 279',279,NULL),(153,1,90,'2025-03-19 00:00:00','Servio para o pet: 276',276,NULL),(154,1,130,'2025-03-19 00:00:00','Servio para o pet: 113',113,NULL),(155,1,80,'2025-03-19 00:00:00','Servio para o pet: 280',280,NULL),(156,1,0,'2025-03-19 00:00:00','Servio para o pet: 148',148,NULL),(157,1,0,'2025-03-19 00:00:00','Servio para o pet: 149',149,NULL),(158,1,0,'2025-03-19 00:00:00','Servio para o pet: 187',187,NULL),(159,1,0,'2025-03-19 00:00:00','Servio para o pet: 138',138,NULL),(160,1,0,'2025-03-19 00:00:00','Servio para o pet: 190',190,NULL),(161,1,0,'2025-03-19 00:00:00','Servio para o pet: 128',128,NULL),(162,1,130,'2025-03-19 00:00:00','Servio para o pet: 127',127,NULL),(163,1,130,'2025-03-19 00:00:00','Servio para o pet: 126',126,NULL),(164,1,0,'2025-03-19 00:00:00','Servio para o pet: 192',192,NULL),(165,1,0,'2025-03-19 00:00:00','Servio para o pet: 185',185,NULL),(166,1,0,'2025-03-19 00:00:00','Servio para o pet: 175',175,NULL),(167,1,0,'2025-03-19 00:00:00','Servio para o pet: 174',174,NULL),(168,1,80,'2025-03-19 00:00:00','Servio para o pet: 171',171,NULL),(169,1,0,'2025-03-19 00:00:00','Servio para o pet: 172',172,NULL),(170,1,0,'2025-03-19 00:00:00','Servio para o pet: 238',238,NULL),(171,1,0,'2025-03-20 00:00:00','Servio para o pet: 131',131,NULL),(172,1,0,'2025-03-20 00:00:00','Servio para o pet: 230',230,NULL),(173,1,0,'2025-03-20 00:00:00','Servio para o pet: 143',143,NULL),(174,1,0,'2025-03-20 00:00:00','Servio para o pet: 144',144,NULL),(175,1,0,'2025-03-20 00:00:00','Servio para o pet: 145',145,NULL),(176,1,0,'2025-03-20 00:00:00','Servio para o pet: 142',142,NULL),(177,1,80,'2025-03-20 00:00:00','Servio para o pet: 290',290,NULL),(178,1,45,'2025-03-20 00:00:00','Servio para o pet: 226',226,NULL),(179,1,45,'2025-03-20 00:00:00','Servio para o pet: 296',296,NULL),(180,1,0,'2025-03-20 00:00:00','Servio para o pet: 132',132,NULL),(181,1,45,'2025-03-20 00:00:00','Servio para o pet: 291',291,NULL),(182,1,45,'2025-03-20 00:00:00','Servio para o pet: 156',156,NULL),(183,1,0,'2025-03-20 00:00:00','Servio para o pet: 157',157,NULL),(184,1,70,'2025-03-20 00:00:00','Servio para o pet: 303',303,NULL),(185,1,70,'2025-03-20 00:00:00','Servio para o pet: 304',304,NULL),(186,1,0,'2025-03-20 00:00:00','Servio para o pet: 163',163,NULL),(187,1,70,'2025-03-21 00:00:00','Servio para o pet: 302',302,NULL),(188,1,120,'2025-03-21 00:00:00','Servio para o pet: 164',164,NULL),(189,1,0,'2025-03-21 00:00:00','Servio para o pet: 150',150,NULL),(190,1,80,'2025-03-21 00:00:00','Servio para o pet: 292',292,NULL),(191,1,80,'2025-03-21 00:00:00','Servio para o pet: 293',293,NULL),(192,1,45,'2025-03-21 00:00:00','Servio para o pet: 310',310,NULL),(193,1,45,'2025-03-21 00:00:00','Servio para o pet: 310',310,NULL),(194,1,45,'2025-03-21 00:00:00','Servio para o pet: 191',191,NULL),(195,1,0,'2025-03-21 00:00:00','Servio para o pet: 184',184,NULL),(196,1,0,'2025-03-21 00:00:00','Servio para o pet: 140',140,NULL),(197,1,0,'2025-03-21 00:00:00','Servio para o pet: 147',147,NULL),(198,1,45,'2025-03-21 00:00:00','Servio para o pet: 312',312,NULL),(199,1,45,'2025-03-21 00:00:00','Servio para o pet: 152',152,NULL),(200,1,45,'2025-03-21 00:00:00','Servio para o pet: 151',151,NULL),(201,1,0,'2025-03-21 00:00:00','Servio para o pet: 173',173,NULL),(202,1,80,'2025-03-21 00:00:00','Servio para o pet: 299',299,NULL),(203,1,45,'2025-03-21 00:00:00','Servio para o pet: 316',316,NULL),(204,1,0,'2025-03-21 00:00:00','Servio para o pet: 184',184,NULL),(205,1,80,'2025-03-21 00:00:00','Servio para o pet: 305',305,NULL),(206,1,45,'2025-03-21 00:00:00','Servio para o pet: 306',306,NULL),(207,1,80,'2025-03-21 00:00:00','Servio para o pet: 307',307,NULL),(208,1,80,'2025-03-21 00:00:00','Servio para o pet: 308',308,NULL),(209,1,0,'2025-03-22 00:00:00','Servio para o pet: 153',153,NULL),(210,1,45,'2025-03-22 00:00:00','Servio para o pet: 313',313,NULL),(211,1,45,'2025-03-22 00:00:00','Servio para o pet: 309',309,NULL),(212,1,0,'2025-03-22 00:00:00','Servio para o pet: 141',141,NULL),(213,1,130,'2025-03-22 00:00:00','Servio para o pet: 134',134,NULL),(214,1,100,'2025-03-22 00:00:00','Servio para o pet: 302',302,NULL),(215,1,45,'2025-03-22 00:00:00','Servio para o pet: 105',105,NULL),(216,1,70,'2025-03-22 00:00:00','Servio para o pet: 273',273,NULL),(217,1,45,'2025-03-22 00:00:00','Servio para o pet: 186',186,NULL),(218,1,70,'2025-03-22 00:00:00','Servio para o pet: 287',287,NULL),(219,1,70,'2025-03-22 00:00:00','Servio para o pet: 315',315,NULL),(220,1,120,'2025-03-22 00:00:00','Servio para o pet: 300',300,NULL),(221,1,100,'2025-03-22 00:00:00','Servio para o pet: 298',298,NULL),(222,1,0,'2025-03-22 00:00:00','Servio para o pet: 112',112,NULL),(223,1,0,'2025-03-22 00:00:00','Servio para o pet: 247',247,NULL),(224,1,0,'2025-03-22 00:00:00','Servio para o pet: 109',109,NULL),(225,1,70,'2025-03-22 00:00:00','Servio para o pet: 314',314,NULL),(226,1,60,'2025-03-22 00:00:00','Servio para o pet: 281',281,NULL),(227,1,60,'2025-03-22 00:00:00','Servio para o pet: 282',282,NULL),(228,1,45,'2025-03-22 00:00:00','Servio para o pet: 284',284,NULL),(229,1,0,'2025-03-22 00:00:00','Servio para o pet: 110',110,NULL),(230,1,55,'2025-03-22 00:00:00','Servio para o pet: 285',285,NULL),(231,1,45,'2025-03-22 00:00:00','Servio para o pet: 286',286,NULL),(232,1,45,'2025-03-22 00:00:00','Servio para o pet: 294',294,NULL),(233,1,45,'2025-03-22 00:00:00','Servio para o pet: 200',200,NULL),(234,1,55,'2025-03-22 00:00:00','Servio para o pet: 319',319,NULL),(235,1,55,'2025-03-22 00:00:00','Servio para o pet: 318',318,NULL),(236,1,45,'2025-03-22 00:00:00','Servio para o pet: 322',322,NULL),(237,1,70,'2025-03-22 00:00:00','Servio para o pet: 326',326,NULL),(238,1,45,'2025-03-22 00:00:00','Servio para o pet: 135',135,NULL),(239,1,55,'2025-03-22 00:00:00','Servio para o pet: 330',330,NULL),(240,1,70,'2025-03-22 00:00:00','Servio para o pet: 104',104,NULL),(241,1,0,'2025-03-24 00:00:00','Servio para o pet: 218',218,NULL),(242,1,0,'2025-03-24 00:00:00','Servio para o pet: 124',124,NULL),(243,1,0,'2025-03-24 00:00:00','Servio para o pet: 125',125,NULL),(244,1,0,'2025-03-24 00:00:00','Servio para o pet: 219',219,NULL),(245,1,0,'2025-03-24 00:00:00','Servio para o pet: 139',139,NULL),(246,1,0,'2025-03-24 00:00:00','Servio para o pet: 194',194,NULL),(247,1,45,'2025-03-24 00:00:00','Servio para o pet: 331',331,NULL),(248,1,120,'2025-03-24 00:00:00','Servio para o pet: 220',220,NULL),(249,1,45,'2025-03-24 00:00:00','Servio para o pet: 275',275,NULL),(250,1,55,'2025-03-24 00:00:00','Servio para o pet: 333',333,NULL),(251,1,45,'2025-03-24 00:00:00','Servio para o pet: 332',332,NULL),(252,1,0,'2025-03-24 00:00:00','Servio para o pet: 213',213,NULL),(253,1,0,'2025-03-24 00:00:00','Servio para o pet: 170',170,NULL),(254,1,0,'2025-03-25 00:00:00','Servio para o pet: 156',156,NULL),(255,1,0,'2025-03-25 00:00:00','Servio para o pet: 154',154,NULL),(256,1,0,'2025-03-25 00:00:00','Servio para o pet: 146',146,NULL),(257,1,0,'2025-03-25 00:00:00','Servio para o pet: 128',128,NULL),(258,1,0,'2025-03-25 00:00:00','Servio para o pet: 162',162,NULL),(259,1,130,'2025-03-25 00:00:00','Servio para o pet: 342',342,NULL),(260,1,45,'2025-03-25 00:00:00','Servio para o pet: 334',334,NULL),(261,1,70,'2025-03-25 00:00:00','Servio para o pet: 338',338,NULL),(262,1,70,'2025-03-25 00:00:00','Servio para o pet: 337',337,NULL),(263,1,70,'2025-03-25 00:00:00','Servio para o pet: 336',336,NULL),(264,1,70,'2025-03-25 00:00:00','Servio para o pet: 335',335,NULL),(265,1,70,'2025-03-25 00:00:00','Servio para o pet: 339',339,NULL),(266,1,130,'2025-03-26 00:00:00','Servio para o pet: 343',343,NULL),(267,1,0,'2025-03-26 00:00:00','Servio para o pet: 187',187,NULL),(268,1,0,'2025-03-26 00:00:00','Servio para o pet: 130',130,NULL),(269,1,0,'2025-03-26 00:00:00','Servio para o pet: 129',129,NULL),(270,1,55,'2025-03-26 00:00:00','Servio para o pet: 345',345,NULL),(271,1,0,'2025-03-26 00:00:00','Servio para o pet: 174',174,NULL),(272,1,0,'2025-03-26 00:00:00','Servio para o pet: 175',175,NULL),(273,1,0,'2025-03-26 00:00:00','Servio para o pet: 185',185,NULL),(274,1,0,'2025-03-26 00:00:00','Servio para o pet: 192',192,NULL),(275,1,0,'2025-03-26 00:00:00','Servio para o pet: 126',126,NULL),(276,1,0,'2025-03-26 00:00:00','Servio para o pet: 127',127,NULL),(277,1,70,'2025-03-26 00:00:00','Servio para o pet: 344',344,NULL),(278,1,80,'2025-03-26 00:00:00','Pagamento pendente - Servio para o pet: 135',135,NULL),(279,1,70,'2025-03-26 00:00:00','Pagamento pendente - Servio para o pet: 338',338,NULL),(280,1,45,'2025-03-26 00:00:00','Pagamento pendente - Servio para o pet: 332',332,NULL),(281,1,80,'2025-03-26 00:00:00','Servio para o pet: 327',327,NULL),(282,1,70,'2025-03-26 00:00:00','Servio para o pet: 320',320,NULL),(283,1,45,'2025-03-26 00:00:00','Servio para o pet: 321',321,NULL),(284,1,55,'2025-03-27 00:00:00','Servio para o pet: 330',330,NULL),(285,1,120,'2025-03-27 00:00:00','Pagamento pendente - Servio para o pet: 220',220,NULL),(286,1,80,'2025-03-27 00:00:00','Pagamento pendente - Servio para o pet: 221',221,NULL),(287,1,0,'2025-03-27 00:00:00','Servio para o pet: 142',142,NULL),(288,1,0,'2025-03-27 00:00:00','Servio para o pet: 143',143,NULL),(289,1,0,'2025-03-27 00:00:00','Servio para o pet: 145',145,NULL),(290,1,0,'2025-03-27 00:00:00','Servio para o pet: 144',144,NULL),(291,1,45,'2025-03-27 00:00:00','Servio para o pet: 234',234,NULL),(292,1,60,'2025-03-27 00:00:00','Servio para o pet: 347',347,NULL),(293,1,55,'2025-03-27 00:00:00','Servio para o pet: 348',348,NULL),(294,1,45,'2025-03-27 00:00:00','Servio para o pet: 340',340,NULL),(295,1,0,'2025-03-27 00:00:00','Servio para o pet: 132',132,NULL),(296,1,55,'2025-03-27 00:00:00','Servio para o pet: 349',349,NULL),(297,1,0,'2025-03-27 00:00:00','Servio para o pet: 163',163,NULL),(298,1,45,'2025-03-28 00:00:00','Servio para o pet: 103',103,NULL),(299,1,0,'2025-03-28 00:00:00','Servio para o pet: 140',140,NULL),(300,1,0,'2025-03-28 00:00:00','Servio para o pet: 141',141,NULL),(301,1,0,'2025-03-28 00:00:00','Servio para o pet: 150',150,NULL),(302,1,45,'2025-03-28 00:00:00','Servio para o pet: 191',191,NULL),(303,1,0,'2025-03-28 00:00:00','Servio para o pet: 193',193,NULL),(304,1,0,'2025-03-28 00:00:00','Servio para o pet: 134',134,NULL),(305,1,45,'2025-03-28 00:00:00','Servio para o pet: 359',359,NULL),(306,1,45,'2025-03-28 00:00:00','Servio para o pet: 193',193,NULL),(307,1,45,'2025-03-28 00:00:00','Servio para o pet: 357',357,NULL),(308,1,45,'2025-03-28 00:00:00','Servio para o pet: 358',358,NULL),(309,1,90,'2025-03-28 00:00:00','Servio para o pet: 352',352,NULL),(310,1,70,'2025-03-28 00:00:00','Servio para o pet: 356',356,NULL),(311,1,70,'2025-03-28 00:00:00','Servio para o pet: 355',355,NULL),(312,1,0,'2025-03-28 00:00:00','Servio para o pet: 173',173,NULL),(313,1,35,'2025-03-28 00:00:00','Servio para o pet: 147',147,NULL),(314,1,130,'2025-03-28 00:00:00','Servio para o pet: 194',194,NULL),(315,1,130,'2025-03-28 00:00:00','Servio para o pet: 354',354,NULL),(316,1,90,'2025-03-28 00:00:00','Servio para o pet: 351',351,NULL),(317,1,45,'2025-03-28 00:00:00','Servio para o pet: 212',212,NULL),(318,1,45,'2025-03-28 00:00:00','Servio para o pet: 211',211,NULL),(319,1,70,'2025-03-28 00:00:00','Servio para o pet: 353',353,NULL),(320,1,45,'2025-03-28 00:00:00','Servio para o pet: 361',361,NULL),(321,1,45,'2025-03-29 00:00:00','Servio para o pet: 259',259,NULL),(322,1,45,'2025-03-29 00:00:00','Servio para o pet: 367',367,NULL),(323,1,80,'2025-03-29 00:00:00','Servio para o pet: 369',369,NULL),(324,1,45,'2025-03-29 00:00:00','Servio para o pet: 200',200,NULL),(325,1,45,'2025-03-29 00:00:00','Servio para o pet: 362',362,NULL),(326,1,0,'2025-03-29 00:00:00','Servio para o pet: 109',109,NULL),(327,1,45,'2025-03-29 00:00:00','Servio para o pet: 110',110,NULL),(328,1,30,'2025-03-29 00:00:00','Servio para o pet: 247',247,NULL),(329,1,0,'2025-03-29 00:00:00','Servio para o pet: 112',112,NULL),(330,1,90,'2025-03-29 00:00:00','Servio para o pet: 364',364,NULL),(331,1,45,'2025-03-29 00:00:00','Servio para o pet: 363',363,NULL),(332,1,45,'2025-03-29 00:00:00','Servio para o pet: 259',259,NULL),(333,1,45,'2025-03-29 00:00:00','Servio para o pet: 366',366,NULL),(334,1,60,'2025-03-29 00:00:00','Servio para o pet: 215',215,NULL),(335,1,45,'2025-03-29 00:00:00','Servio para o pet: 240',240,NULL),(336,1,45,'2025-03-29 00:00:00','Servio para o pet: 329',329,NULL),(337,1,70,'2025-03-29 00:00:00','Servio para o pet: 375',375,NULL),(338,1,70,'2025-03-29 00:00:00','Servio para o pet: 373',373,NULL),(339,1,55,'2025-03-29 00:00:00','Servio para o pet: 372',372,NULL),(340,1,80,'2025-03-31 00:00:00','Servio para o pet: 365',365,NULL),(341,1,70,'2025-03-31 00:00:00','Servio para o pet: 368',368,NULL),(342,1,80,'2025-03-31 00:00:00','Servio para o pet: 376',376,NULL),(343,1,0,'2025-03-31 00:00:00','Servio para o pet: 219',219,NULL),(344,1,0,'2025-03-31 00:00:00','Servio para o pet: 125',125,NULL),(345,1,0,'2025-03-31 00:00:00','Servio para o pet: 124',124,NULL),(346,1,0,'2025-03-31 00:00:00','Servio para o pet: 171',171,NULL),(347,1,0,'2025-03-31 00:00:00','Servio para o pet: 172',172,NULL),(348,1,45,'2025-03-31 00:00:00','Servio para o pet: 380',380,NULL),(349,1,55,'2025-03-31 00:00:00','Servio para o pet: 379',379,NULL),(350,1,45,'2025-03-31 00:00:00','Servio para o pet: 378',378,NULL),(351,1,120,'2025-03-31 00:00:00','Servio para o pet: 220',220,NULL),(352,1,0,'2025-03-31 00:00:00','Servio para o pet: 213',213,NULL),(353,1,0,'2025-03-31 00:00:00','Servio para o pet: 170',170,NULL),(354,1,0,'2025-04-01 00:00:00','Servio para o pet: 154',154,NULL),(355,1,0,'2025-04-01 00:00:00','Servio para o pet: 156',156,NULL),(356,1,0,'2025-04-01 00:00:00','Servio para o pet: 146',146,NULL),(357,1,45,'2025-04-01 00:00:00','Servio para o pet: 128',128,NULL),(358,1,70,'2025-04-01 00:00:00','Servio para o pet: 382',382,NULL),(359,1,70,'2025-04-01 00:00:00','Servio para o pet: 384',384,NULL),(360,1,70,'2025-04-01 00:00:00','Servio para o pet: 383',383,NULL),(361,1,0,'2025-04-01 00:00:00','Servio para o pet: 162',162,NULL),(362,1,45,'2025-04-01 00:00:00','Servio para o pet: 370',370,NULL),(363,1,45,'2025-04-01 00:00:00','Servio para o pet: 371',371,NULL),(364,1,0,'2025-04-01 00:00:00','Servio para o pet: 342',342,NULL),(365,1,70,'2025-04-01 00:00:00','Servio para o pet: 383',383,NULL),(366,1,70,'2025-04-01 00:00:00','Servio para o pet: 385',385,NULL),(367,1,45,'2025-04-01 00:00:00','Servio para o pet: 386',386,NULL),(368,1,70,'2025-04-01 00:00:00','Servio para o pet: 243',243,NULL),(369,1,70,'2025-04-01 00:00:00','Servio para o pet: 245',245,NULL),(370,1,70,'2025-04-01 00:00:00','Servio para o pet: 388',388,NULL),(371,1,45,'2025-04-01 00:00:00','Servio para o pet: 387',387,NULL),(372,1,0,'2025-04-02 00:00:00','Servio para o pet: 129',129,NULL),(373,1,0,'2025-04-02 00:00:00','Servio para o pet: 130',130,NULL),(374,1,45,'2025-04-02 00:00:00','Servio para o pet: 389',389,NULL),(375,1,45,'2025-04-02 00:00:00','Servio para o pet: 249',249,NULL),(376,1,45,'2025-04-03 00:00:00','Servio para o pet: 394',394,NULL),(377,1,0,'2025-04-03 00:00:00','Servio para o pet: 343',343,NULL),(378,1,0,'2025-04-03 00:00:00','Servio para o pet: 163',163,NULL),(379,1,90,'2025-04-03 00:00:00','Servio para o pet: 392',392,NULL),(380,1,70,'2025-04-03 00:00:00','Servio para o pet: 393',393,NULL),(381,1,70,'2025-04-03 00:00:00','Servio para o pet: 395',395,NULL),(382,1,0,'2025-04-03 00:00:00','Servio para o pet: 194',194,NULL),(383,1,0,'2025-04-03 00:00:00','Servio para o pet: 354',354,NULL),(384,1,120,'2025-04-05 00:00:00','Servio para o pet: 109',109,NULL),(385,1,0,'2025-04-05 00:00:00','Servio para o pet: 112',112,NULL),(386,1,45,'2025-04-05 00:00:00','Servio para o pet: 105',105,NULL),(387,1,45,'2025-04-05 00:00:00','Servio para o pet: 201',201,NULL),(388,1,45,'2025-04-05 00:00:00','Servio para o pet: 186',186,NULL),(389,1,45,'2025-04-05 00:00:00','Servio para o pet: 398',398,NULL),(390,1,70,'2025-04-05 00:00:00','Servio para o pet: 402',402,NULL),(391,1,70,'2025-04-05 00:00:00','Servio para o pet: 403',403,NULL),(392,1,55,'2025-04-09 00:00:00','Banho P  45,00 para Nana  + Txi Dog',107,NULL),(393,1,0,'2025-04-09 00:00:00','Pacote 2 para Malu ',162,NULL),(394,1,0,'2025-04-09 00:00:00','Pacote 2 para Bolinha',127,NULL),(395,1,0,'2025-04-09 00:00:00','Pacote 2 para Kika',126,NULL),(396,1,0,'2025-04-09 00:00:00','Pacote 2 para Baleia + Txi Dog',185,NULL),(397,1,0,'2025-04-09 00:00:00','Pacote 2 para Bob Marley + Txi Dog',174,NULL),(398,1,0,'2025-04-09 00:00:00','Pacote 2 para Mari + Txi Dog',175,NULL),(399,1,45,'2025-04-15 00:00:00','Banho P  45,00 para Amora , Txi Dog',110,NULL),(400,1,55,'2025-04-15 00:00:00','Banho P  45,00 para Melissa, Txi Dog',131,NULL),(401,1,45,'2025-04-15 00:00:00','Banho P  45,00 para Amora , Txi Dog',110,NULL),(402,1,55,'2025-04-15 00:00:00','Banho P  45,00 para Melissa, Txi Dog',131,NULL),(403,1,55,'2025-04-15 00:00:00','Pagamento pendente - Banho P  45,00 para Lara Maria  + Txi Dog',157,NULL),(404,1,50,'2025-04-15 00:00:00','Banho P  45,00 para Zara, Txi Dog',404,NULL),(405,1,100,'2025-04-15 00:00:00','Banho G 70 para Estrelinha, Txi Dog',153,NULL),(406,1,90,'2025-04-15 00:00:00','Pagamento pendente - Banho e tosa P Tesoura para Negona + Txi Dog',154,NULL),(407,1,90,'2025-04-15 00:00:00','Pagamento pendente - Banho e tosa P Tesoura para Negona + Txi Dog',154,NULL),(408,1,60,'2025-04-15 00:00:00','Pagamento pendente - Banho P  45,00 para Radar Vidal + Txi Dog',239,NULL),(409,1,55,'2025-04-15 00:00:00','Pagamento pendente - Banho P  45,00 para Lara Maria  + Txi Dog',157,NULL),(410,1,60,'2025-04-15 00:00:00','Pagamento pendente - Banho P  45,00 para Radar Vidal + Txi Dog',239,NULL),(411,1,55,'2025-04-15 00:00:00','Pagamento pendente - Banho P  45,00 para Maria julia + Txi Dog',210,NULL),(412,1,60,'2025-04-15 00:00:00','Pagamento pendente - Banho P  45,00 para Radar Vidal + Txi Dog',239,NULL),(413,1,60,'2025-04-15 00:00:00','Pagamento pendente - Banho P  45,00 para Radar Vidal + Txi Dog',239,NULL),(414,1,60,'2025-04-15 00:00:00','Pagamento pendente - Banho P  45,00 para Radar Vidal + Txi Dog',239,NULL),(415,1,60,'2025-04-15 00:00:00','Pagamento pendente - Banho P  45,00 para Radar Vidal + Txi Dog',239,NULL),(416,1,60,'2025-04-15 00:00:00','Pagamento pendente - Banho P  45,00 para Radar Vidal + Txi Dog',239,NULL),(417,1,60,'2025-04-15 00:00:00','Pagamento pendente - Banho P  45,00 para Radar Vidal + Txi Dog',239,NULL),(418,1,45,'2025-04-15 00:00:00','Pagamento pendente - Banho P  45,00 para Pequenino',224,NULL),(419,1,0,'2025-04-16 00:00:00','Banho P  45,00 para Gamora',109,NULL),(420,1,0,'2025-04-16 00:00:00','Banho P  45,00 para Juju, Txi Dog',105,NULL),(421,1,0,'2025-04-16 00:00:00','Banho P  45,00 para Luna, Txi Dog',164,NULL),(422,1,55,'2025-04-16 00:00:00','Banho P  45,00 para Luna, Txi Dog',164,NULL),(423,1,55,'2025-04-16 00:00:00','Banho P  45,00 para Luna, Txi Dog',164,NULL),(424,1,55,'2025-04-16 00:00:00','Banho P  45,00 para Luna, Txi Dog',164,NULL),(425,1,0,'2025-04-16 00:00:00','Banho P  45,00 para Pipoco, Pacote quinzenal  para Pipoco, Txi Dog',108,NULL),(426,1,55,'2025-04-16 00:00:00','Pagamento pendente - Banho P  45,00 para Luna + Txi Dog',164,NULL),(427,1,135,'2025-04-16 00:00:00','Pagamento pendente - Banho P  45,00 para Pipoco, Pacote quinzenal  para Pipoco + Txi Dog',108,NULL),(428,1,60,'2025-04-16 00:00:00','Pagamento pendente - Banho P  45,00 para Zara + Txi Dog',404,NULL),(429,1,55,'2025-04-16 00:00:00','Pagamento pendente - Banho P  45,00 para Juju + Txi Dog',105,NULL),(430,1,45,'2025-04-24 00:00:00','Banho P  45,00 para Juju, Txi Dog',105,NULL),(431,1,490,'2025-04-24 14:36:46','Hospedagem do Pet',106,'Dory'),(432,1,125,'2025-04-28 00:00:00','Banho P  45,00 para Nana , Banho Porte Grande para Nana , Txi Dog',107,NULL),(433,1,490,'2025-04-28 19:48:15','Hospedagem do Pet',106,'Dory'),(434,1,490,'2025-04-28 19:48:34','Hospedagem do Pet',106,'Dory'),(435,1,200,'2025-04-28 19:54:54','Hospedagem do Pet',126,'Kika'),(436,1,55,'2025-04-29 00:00:00','Banho M 55 para Bidu e Nick',111,NULL),(437,1,55,'2025-04-29 00:00:00','Banho M 55 para Bidu e Nick',111,NULL),(438,1,55,'2025-04-29 00:00:00','Banho M 55 para Bidu e Nick',111,NULL),(439,1,65,'2025-04-29 00:00:00','Banho M 55 para vivi, Txi Dog',121,NULL),(440,1,65,'2025-04-29 00:00:00','Banho M 55 para vivi, Txi Dog',121,NULL),(441,1,65,'2025-04-29 00:00:00','Banho M 55 para vivi, Txi Dog',121,NULL),(442,1,65,'2025-04-29 00:00:00','Banho M 55 para Nina, Txi Dog',130,NULL),(443,1,65,'2025-04-29 00:00:00','Banho M 55 para vivi, Txi Dog',121,NULL),(444,1,65,'2025-04-29 00:00:00','Banho M 55 para Thor, Txi Dog',163,NULL),(445,1,65,'2025-04-29 00:00:00','Banho M 55 para Thor, Txi Dog',163,NULL),(446,1,65,'2025-04-29 00:00:00','Banho M 55 para Thor, Txi Dog',163,NULL),(447,1,65,'2025-04-29 00:00:00','Banho M 55 para Thor, Txi Dog',163,NULL),(448,1,65,'2025-04-29 00:00:00','Banho M 55 para Thor, Txi Dog',163,NULL),(449,1,65,'2025-04-29 00:00:00','Banho M 55 para Thor, Txi Dog',163,NULL),(450,1,65,'2025-04-29 00:00:00','Banho M 55 para Pipoco, Txi Dog',108,NULL),(451,1,65,'2025-04-30 00:00:00','Banho M 55 para Bidu e Nick, Txi Dog',111,NULL),(452,1,45,'2025-05-19 00:00:00','Banho P  45,00 para Harry, Txi Dog',100,NULL),(453,1,45,'2025-05-19 00:00:00','Pagamento pendente - Banho P  45,00 para Raika',101,NULL),(454,1,55,'2025-05-19 00:00:00','Banho P  45,00 para Juju, Txi Dog',105,NULL),(455,1,55,'2025-05-22 00:00:00','Banho P  45,00 para Dory, Txi Dog',106,NULL),(456,1,45,'2025-06-02 00:00:00','Pagamento pendente - Banho P  45,00 para Dory',106,NULL),(457,1,80,'2025-06-02 00:00:00','Pagamento pendente - Servio para o pet: 377',377,NULL),(458,1,55,'2025-06-02 00:00:00','Pagamento pendente - Banho P  45,00 para Lola + Txi Dog',134,NULL),(459,1,55,'2025-06-02 00:00:00','Pagamento pendente - Servio para o pet: 350',350,NULL),(460,1,30,'2025-06-02 00:00:00','Pagamento pendente - Servio para o pet: 346',346,NULL),(461,1,45,'2025-06-02 00:00:00','Pagamento pendente - Servio para o pet: 324',324,NULL),(462,1,45,'2025-06-02 00:00:00','Pagamento pendente - Servio para o pet: 323',323,NULL),(463,1,80,'2025-06-02 00:00:00','Pagamento pendente - Servio para o pet: 166',166,NULL),(464,1,80,'2025-06-02 00:00:00','Pagamento pendente - Servio para o pet: 166',166,NULL),(465,1,80,'2025-06-02 00:00:00','Pagamento pendente - Servio para o pet: 135',135,NULL),(466,1,45,'2025-06-02 00:00:00','Pagamento pendente - Servio para o pet: 191',191,NULL),(467,1,45,'2025-06-02 00:00:00','Pagamento pendente - Servio para o pet: 295',295,NULL),(468,1,125,'2025-06-03 00:00:00','Pagamento pendente - Servio para o pet: 185',185,NULL),(469,1,125,'2025-06-03 00:00:00','Pagamento pendente - Servio para o pet: 175',175,NULL),(470,1,125,'2025-06-03 00:00:00','Pagamento pendente - Servio para o pet: 174',174,NULL),(471,1,80,'2025-06-03 00:00:00','Pagamento pendente - Servio para o pet: 166',166,NULL),(472,1,40,'2025-06-03 00:00:00','Pagamento pendente - Servio para o pet: 187',187,NULL),(473,1,80,'2025-06-03 00:00:00','Pagamento pendente - Servio para o pet: 166',166,NULL),(474,1,60,'2025-06-03 00:00:00','Pagamento pendente - Servio para o pet: 220',220,NULL),(475,1,55,'2025-06-03 00:00:00','Pagamento pendente - Banho P  45,00 para Luna + Txi Dog',164,NULL),(476,1,45,'2025-06-03 00:00:00','Pagamento pendente - Banho P  45,00 para Luna',364,NULL),(477,1,40,'2025-06-03 00:00:00','Pagamento pendente - Servio para o pet: 190',190,NULL),(478,1,120,'2025-06-03 00:00:00','Pagamento pendente - Servio para o pet: 144',144,NULL),(479,1,120,'2025-06-03 00:00:00','Pagamento pendente - Servio para o pet: 145',145,NULL),(480,1,120,'2025-06-03 00:00:00','Pagamento pendente - Servio para o pet: 142',142,NULL);
/*!40000 ALTER TABLE `financeiro` ENABLE KEYS */;
UNLOCK TABLES;

--
-- Table structure for table `financeiropendente`
--

DROP TABLE IF EXISTS `financeiropendente`;
/*!40101 SET @saved_cs_client     = @@character_set_client */;
/*!50503 SET character_set_client = utf8mb4 */;
CREATE TABLE `financeiropendente` (
  `id` int NOT NULL AUTO_INCREMENT,
  `estabelecimento_id` int NOT NULL,
  `descricao` varchar(255) CHARACTER SET utf8mb4 COLLATE utf8mb4_unicode_ci NOT NULL,
  `valor` decimal(10,2) NOT NULL,
  `data` datetime NOT NULL,
  `pet_id` int DEFAULT NULL,
  `metodo_pagamento` enum('dinheiro','pix','credito','debito','pendente') CHARACTER SET utf8mb4 COLLATE utf8mb4_unicode_ci DEFAULT 'pendente',
  `agendamento_id` int DEFAULT NULL,
  PRIMARY KEY (`id`)
) ENGINE=InnoDB AUTO_INCREMENT=70 DEFAULT CHARSET=utf8mb4 COLLATE=utf8mb4_unicode_ci;
/*!40101 SET character_set_client = @saved_cs_client */;

--
-- Dumping data for table `financeiropendente`
--

LOCK TABLES `financeiropendente` WRITE;
/*!40000 ALTER TABLE `financeiropendente` DISABLE KEYS */;
INSERT INTO `financeiropendente` VALUES (16,1,'Pagamento pendente - Servio para o pet: 110',45.00,'2025-03-08 00:00:00',110,'pendente',89),(37,1,'Pagamento pendente - Servio para o pet: 143',120.00,'2025-04-03 00:00:00',143,'pendente',529),(38,1,'Pagamento pendente - Servio para o pet: 158',130.00,'2025-04-03 00:00:00',158,'pendente',531),(40,1,'Pagamento pendente - Servio para o pet: 247',30.00,'2025-04-05 00:00:00',247,'pendente',548),(41,1,'Pagamento pendente - Servio para o pet: 110',45.00,'2025-04-05 00:00:00',110,'pendente',549),(64,1,'Pagamento pendente - Banho P  45,00 para JOLIE + Txi Dog',55.00,'2025-04-16 02:30:41',231,'pendente',597),(69,1,'Pagamento pendente - Banho P  45,00 para Dory',45.00,'2025-06-03 13:15:20',106,'pendente',608);
/*!40000 ALTER TABLE `financeiropendente` ENABLE KEYS */;
UNLOCK TABLES;

--
-- Table structure for table `hospedagem_caes`
--

DROP TABLE IF EXISTS `hospedagem_caes`;
/*!40101 SET @saved_cs_client     = @@character_set_client */;
/*!50503 SET character_set_client = utf8mb4 */;
CREATE TABLE `hospedagem_caes` (
  `id` int NOT NULL AUTO_INCREMENT,
  `estabelecimento_id` int NOT NULL,
  `cliente_id` int DEFAULT NULL,
  `pet_id` int DEFAULT NULL,
  `data_entrada` date DEFAULT NULL,
  `data_saida` date DEFAULT NULL,
  `valor` decimal(10,2) DEFAULT NULL,
  `observacoes` text,
  PRIMARY KEY (`id`),
  KEY `cliente_id` (`cliente_id`),
  KEY `pet_id` (`pet_id`),
  CONSTRAINT `hospedagem_caes_ibfk_1` FOREIGN KEY (`cliente_id`) REFERENCES `cliente` (`id`),
  CONSTRAINT `hospedagem_caes_ibfk_2` FOREIGN KEY (`pet_id`) REFERENCES `pet` (`id`)
) ENGINE=InnoDB AUTO_INCREMENT=9 DEFAULT CHARSET=utf8mb4 COLLATE=utf8mb4_0900_ai_ci;
/*!40101 SET character_set_client = @saved_cs_client */;

--
-- Dumping data for table `hospedagem_caes`
--

LOCK TABLES `hospedagem_caes` WRITE;
/*!40000 ALTER TABLE `hospedagem_caes` DISABLE KEYS */;
INSERT INTO `hospedagem_caes` VALUES (7,1,23,106,'2025-04-24','2025-04-30',490.00,'teste'),(8,1,106,126,'2025-04-28','2025-04-28',200.00,'uyl');
/*!40000 ALTER TABLE `hospedagem_caes` ENABLE KEYS */;
UNLOCK TABLES;

--
-- Table structure for table `internacao`
--

DROP TABLE IF EXISTS `internacao`;
/*!40101 SET @saved_cs_client     = @@character_set_client */;
/*!50503 SET character_set_client = utf8mb4 */;
CREATE TABLE `internacao` (
  `id` int NOT NULL AUTO_INCREMENT,
  `data_inicio` date NOT NULL,
  `motivo` varchar(255) NOT NULL,
  `status` enum('ativa','finalizada') NOT NULL DEFAULT 'ativa',
  `pet_id` int NOT NULL,
  `dono_id` int NOT NULL,
  `estabelecimento_id` int NOT NULL,
  PRIMARY KEY (`id`),
  KEY `pet_id` (`pet_id`),
  KEY `dono_id` (`dono_id`),
  CONSTRAINT `internacao_ibfk_1` FOREIGN KEY (`pet_id`) REFERENCES `pet` (`id`),
  CONSTRAINT `internacao_ibfk_2` FOREIGN KEY (`dono_id`) REFERENCES `cliente` (`id`)
) ENGINE=InnoDB DEFAULT CHARSET=utf8mb4 COLLATE=utf8mb4_0900_ai_ci;
/*!40101 SET character_set_client = @saved_cs_client */;

--
-- Dumping data for table `internacao`
--

LOCK TABLES `internacao` WRITE;
/*!40000 ALTER TABLE `internacao` DISABLE KEYS */;
/*!40000 ALTER TABLE `internacao` ENABLE KEYS */;
UNLOCK TABLES;

--
-- Table structure for table `pet`
--

DROP TABLE IF EXISTS `pet`;
/*!40101 SET @saved_cs_client     = @@character_set_client */;
/*!50503 SET character_set_client = utf8mb4 */;
CREATE TABLE `pet` (
  `id` int NOT NULL AUTO_INCREMENT,
  `estabelecimento_id` int NOT NULL,
  `nome` varchar(255) CHARACTER SET utf8mb4 COLLATE utf8mb4_unicode_ci DEFAULT NULL,
  `especie` varchar(255) CHARACTER SET utf8mb4 COLLATE utf8mb4_unicode_ci DEFAULT NULL,
  `idade` varchar(255) CHARACTER SET utf8mb4 COLLATE utf8mb4_unicode_ci DEFAULT NULL,
  `dono_id` varchar(255) CHARACTER SET utf8mb4 COLLATE utf8mb4_unicode_ci DEFAULT NULL,
  `sexo` varchar(255) CHARACTER SET utf8mb4 COLLATE utf8mb4_unicode_ci DEFAULT NULL,
  `raca` varchar(255) CHARACTER SET utf8mb4 COLLATE utf8mb4_unicode_ci DEFAULT NULL,
  `porte` varchar(255) CHARACTER SET utf8mb4 COLLATE utf8mb4_unicode_ci DEFAULT NULL,
  `observacoes` varchar(255) CHARACTER SET utf8mb4 COLLATE utf8mb4_unicode_ci DEFAULT NULL,
  `tipo` varchar(255) CHARACTER SET utf8mb4 COLLATE utf8mb4_unicode_ci DEFAULT NULL,
  PRIMARY KEY (`id`)
) ENGINE=InnoDB AUTO_INCREMENT=409 DEFAULT CHARSET=utf8mb4 COLLATE=utf8mb4_unicode_ci;
/*!40101 SET character_set_client = @saved_cs_client */;

--
-- Dumping data for table `pet`
--

LOCK TABLES `pet` WRITE;
/*!40000 ALTER TABLE `pet` DISABLE KEYS */;
INSERT INTO `pet` VALUES (100,1,'Harry','Canina ','0','80','M','Shih Tzu','Pequeno','Animal bravo',NULL),(101,1,'Raika','Canina ','5','81','F','Border Collie','Grande','',NULL),(102,1,'Pantera e Tigresa','Canina ','0','82','F','SRD','Pequeno','',NULL),(103,1,'Catarina','Canina ','1','84','F','lulu da pomerania','Pequeno','',NULL),(104,1,'Nina','Canina','5','85','F','Chow Chow','Grande','Docil ',NULL),(105,1,'Juju','Canina ','5','24','M','Shih Tzu','Pequeno','',NULL),(106,1,'Dory','Canina   ','0','23','F','Shih Tzu','Pequeno','',NULL),(107,1,'Nana ','Canina ','0','86','F','Pequins','Pequeno','',NULL),(108,1,'Pipoco','Canina ','2','87','M','Yorkshire Terrier','Pequeno','',NULL),(109,1,'Gamora','Canina ','0','76','F','Shih Tzu','Pequeno','',NULL),(110,1,'Amora ','Canina ','0','89','F','Cocker Spaniel Ingls','Pequeno','',NULL),(111,1,'Bidu e Nick','Canina ','4','90','M','Shih Tzu','Pequeno','',NULL),(112,1,'Dory','Canina ','0','91','F','Shih Tzu','Pequeno','',NULL),(113,1,'Theo','Canina ','0','92','M','Golden Retriever','Mdio','',NULL),(114,1,'Maya','Canina ','4','82','F','SRD','Mdio','CACHORRA FUJONA CUIDADO MAXIMO',NULL),(115,1,'Vicktorino ','Canina ','13','94','M','Shih Tzu','Pequeno','',NULL),(116,1,'Rafael e Pedro','Canina ','0','95','M','Shih Tzu','Pequeno','',NULL),(117,1,'Fil','Canina ','0','96','F','Yorkshire Terrier','Pequeno','',NULL),(118,1,'Melissa','Canina ','0','97','F','Cocker Spaniel Americano','Mdio','',NULL),(119,1,'Duda','Canina ','0','86','F','Shih Tzu','Pequeno','',NULL),(120,1,'fred','Canina ','0','86','M','Shih Tzu','Pequeno','',NULL),(121,1,'vivi','Canina ','0','86','F','Shih Tzu','Pequeno','',NULL),(122,1,'Nick ','Canina ','0','90','M','Shih Tzu','Pequeno','',NULL),(123,1,'Pedro','Canina ','0','95','M','Shih Tzu','Pequeno','',NULL),(124,1,'Liz','Canina ','0','34','F','Maltes','Pequeno','',NULL),(125,1,'Lola','Canina ','0','34','F','Shih Tzu','Pequeno','',NULL),(126,1,'Kika','Canina ','0','106','F','Shih Tzu','Pequeno','',NULL),(127,1,'Bolinha','Canina ','0','106','F','Shih Tzu','Pequeno','',NULL),(128,1,'Luna ','Canina ','0','108','F','Maltes','Pequeno','',NULL),(129,1,'Davi','Canina','0','109','M','Shih Tzu','Pequeno','',NULL),(130,1,'Nina','Canina ','0','110','F','Pinscher Mini','Pequeno','',NULL),(131,1,'Melissa','Canina ','0','111','F','Shih Tzu','Pequeno','',NULL),(132,1,'Fred','Canina ','3','112','M','Shih Tzu','Pequeno','',NULL),(133,1,'Nino','Canina ','5','113','M','Shih Tzu','Pequeno','',NULL),(134,1,'Lola','Canina ','3','114','M','Shih Tzu','Pequeno','',NULL),(135,1,'Laila','Canina ','4','115','F','Shih Tzu','Pequeno','',NULL),(136,1,'Thor','Canina ','3','116','M','Poodle','Mdio','',NULL),(137,1,'Melissa','Canina ','11','117','F','Yorkshire Terrier','Pequeno','CO IDOSO, TOMAR CUIDADO!!',NULL),(138,1,'Nutella','Canina ','1','118','F','Shih Tzu','Pequeno','',NULL),(139,1,'Manu','Canina ','8','119','M','Shih Tzu','Pequeno','',NULL),(140,1,'Agostinho','Canina ','6','120','M','Yorkshire Terrier','Pequeno','',NULL),(141,1,'Tuco','Canina ','3','120','M','SRD','Pequeno','',NULL),(142,1,'Boris','Canina ','9','122','F','Shih Tzu','Pequeno','',NULL),(143,1,'Braddock','Canina ','5','123','M','Shih Tzu','Pequeno','',NULL),(144,1,'Bond','Canina ','4','123','M','Shih Tzu','Pequeno','',NULL),(145,1,'James','Canina ','4','124','M','Shih Tzu','Pequeno','',NULL),(146,1,'Izzie','Canina ','6','46','F','Maltes','Pequeno','',NULL),(147,1,'Amora','Canina ','6','127','F','Shih Tzu','Pequeno','',NULL),(148,1,'David luiz','Canina ','10','128','M','SRD','Pequeno','',NULL),(149,1,'Nina','Canina','6','129','F','Pinscher Mini','Pequeno','',NULL),(150,1,'Jade','Canina','7','130','F','Maltes','Pequeno','',NULL),(151,1,'Cloe','Canina','0','132','F','Yorkshire Terrier','Pequeno','',NULL),(152,1,'Meg','Canina','0','133','F','Yorkshire Terrier','Pequeno','',NULL),(153,1,'Estrelinha','Canina','0','72','F','Maltes','Pequeno','',NULL),(154,1,'Negona','Canina','4','42','F','SRD','Pequeno','',NULL),(155,1,'Rubi','Canina','14','135','F','Yorkshire Terrier','Pequeno','IDOSA TOMAR MUITO CUIDADO!!!',NULL),(156,1,'Thor','Canina','0','136','M','Shih Tzu','Pequeno','',NULL),(157,1,'Lara Maria ','Canina','8','137','F','Shih Tzu','Pequeno','',NULL),(158,1,'Zeus','Canina','5','138','M','Shih Tzu','Pequeno','',NULL),(159,1,'Theo','Canina','0','139','M','Shih Tzu','Pequeno','',NULL),(160,1,'Malu','Canina','0','139','F','Shih Tzu','Pequeno','',NULL),(161,1,'Jade','Canina','0','140','F','Shih Tzu','Pequeno','',NULL),(162,1,'Malu ','Canina','5','94','F','Shih Tzu','Pequeno','Maluquinha',NULL),(163,1,'Thor','Canina','5','143','M','Shih Tzu','Pequeno','',NULL),(164,1,'Luna','Canina','8','144','F','Shih Tzu','Pequeno','',NULL),(165,1,'Nina ','Canina','10','145','F','Poodle','Pequeno','',NULL),(166,1,'Luna','Canina','2','146','F','Lhasa Apso','Pequeno','',NULL),(167,1,'Jeday','Canina','10','147','M','Shih Tzu','Pequeno','',NULL),(168,1,'Loly','Canina','1','149','F','SRD','Pequeno','',NULL),(169,1,'Framboesa','Canina','3','71','F','Maltes','Pequeno','',NULL),(170,1,'Ralf','Canina','5','151','M','Shih Tzu','Pequeno','',NULL),(171,1,'Loki','Canina','4','152','M','SRD','Pequeno','',NULL),(172,1,'Doninha','Canina','5','152','F','SRD','Pequeno','',NULL),(173,1,'Fred','Canina','3','154','M','Shih Tzu','Pequeno','',NULL),(174,1,'Bob Marley','Canina','9','155','M','Shih Tzu','Pequeno','',NULL),(175,1,'Mari','Canina','8','156','F','Shih Tzu','Pequeno','',NULL),(176,1,'Luck','Canina','1','157','M','Shih Tzu','Pequeno','',NULL),(177,1,'Dudu','Canina','3','158','M','Shih Tzu','Pequeno','',NULL),(178,1,'Arya','Canina','10','159','F','Akita','Grande','Idosa',NULL),(179,1,'Floquinho','Canina','13','160','M','Lhasa Apso','Pequeno','IDOSO',NULL),(180,1,'Bob ','Canina','10','161','M','Shih Tzu','Pequeno','',NULL),(181,1,'Dara','Canina','10','162','F','Shih Tzu','Pequeno','Idosa',NULL),(182,1,'Atena','Canina','4','163','F','Doberman Pinscher','Mdio','',NULL),(183,1,'kika','Canina','5','164','F','Shih Tzu','Pequeno','',NULL),(184,1,'Zaia','Canina','0','165','F','Shih Tzu','Pequeno','3 meses',NULL),(185,1,'Baleia','Canina','6','156','F','Shih Tzu','Pequeno','',NULL),(186,1,'Theo  ','Canina','3','167','M','Shih Tzu','Pequeno','',NULL),(187,1,'Fred ','Canina','12','168','M','Lhasa Apso','Pequeno','IDOSO',NULL),(188,1,'Billie','Canina','5','169','M','Border Collie','Grande','',NULL),(189,1,'Alfie','Canina','8','170','M','SRD','Pequeno','',NULL),(190,1,'Nick','Canina','6','168','M','Shih Tzu','Pequeno','',NULL),(191,1,'Katarina','Canina','11','172','F','Yorkshire Terrier','Pequeno','IDOSA',NULL),(192,1,'Fiel','Canina','4','173','M','Border Collie','Grande','',NULL),(193,1,'Doly','Canina','3','174','F','Malts','Pequeno','',NULL),(194,1,'Thor','Canina','3','39','M','Poodle','Pequeno','',NULL),(195,1,' Katita ','Canina','9','176','F','SRD','Pequeno','',NULL),(196,1,'Chico','Canina','2','177','M','SRD','Mdio','',NULL),(197,1,'Mel','Canina','3','178','F','SRD','Mdio','',NULL),(198,1,'Bebel','Canina','3','178','F','SRD','Mdio','',NULL),(199,1,'Bolinha','Canina','3','179','F','SRD','Pequeno','',NULL),(200,1,'Gaia','Canina','3','181','F','Shih Tzu','Pequeno','',NULL),(201,1,'Zoe','Canina','10','182','F','SRD','Pequeno','IDOSA',NULL),(202,1,'Luke','Canina','7','183','M','Chow Chow','Grande','',NULL),(203,1,'Flor','Canina','1','184','F','Shih Tzu','Pequeno','',NULL),(204,1,'Luna','Canina','1','184','F','Shih Tzu','Pequeno','',NULL),(205,1,'Mel','Canina','1','184','F','Shih Tzu','Pequeno','',NULL),(206,1,'Estrela','Canina','0','187','F','SRD','Mdio','',NULL),(207,1,'Elvis','Canina','0','187','M','Golden Retriever','Grande','',NULL),(208,1,'Bob','Canina','2','189','M','Shih Tzu','Pequeno','',NULL),(209,1,'Nina','Canina','13','190','F','SRD','Mdio','IDOSA',NULL),(210,1,'Maria julia','Canina','4','64','F','SRD','Pequeno','',NULL),(211,1,'Grego','Canina','9','192','M','Shih Tzu','Pequeno','',NULL),(212,1,'Maya','Canina','11','192','F','Shih Tzu','Pequeno','',NULL),(213,1,'Buzz','Canina','0','193','M','perguntar','Pequeno','',NULL),(214,1,'Flor','Canina','-6','194','F','Shih Tzu','Pequeno','',NULL),(215,1,'Nala','Canina','1','195','F','Poodle','Pequeno','',NULL),(216,1,'Ayla','Canina','3','196','F','Malts','Pequeno','NO COLOCA LAO.',NULL),(217,1,'Nala','Canina','7','197','F','SRD','Mdio','NO FAZER TOSA HIGIENICA NA MAQUINA POIS TEM ALERGIA \r\nNO PASSA PERFUME ',NULL),(218,1,'Coralina','Felina','-4','198','F','SRD','Pequeno','',NULL),(219,1,'Meg','Canina','1','199','F','Shih Tzu','Pequeno','',NULL),(220,1,'Luna ','canina','7','200','F','Collie','Grande','ANIMAL AGRESSIVO',NULL),(221,1,'Esponjinha','Canina','10','201','M','SRD','Mdio','',NULL),(222,1,'Luna','Canina','10','202','F','SRD','Mdio','',NULL),(223,1,'Melissa','Canina','8','203','F','Pequins','Pequeno','ANIMAL SEMPRE QUE TOSAR  NA LAMINA 4 DEIXANDO ORELHINHAS. \r\nCLIENTE MUITO EXIGENTE ',NULL),(224,1,'Pequenino','Canina','12','204','M','Yorkshire Terrier','Pequeno','ANIMAL IDOSO. GRITA QUANDO COMEA A SECAR, COLOCAR NA MAQUINA ',NULL),(225,1,'Nick','Canina','9','205','M','SRD','Pequeno','SEMPRE QUANDO TOSA  NA LAMINA 7',NULL),(226,1,'Zeus','Canina','1','206','M','Shih Tzu','Pequeno','Animal bravo (cuidado)',NULL),(227,1,'Paoca','Canina','4','207','M','Shih Tzu','Pequeno','',NULL),(228,1,'Frida','Canina','6','208','F','Yorkshire Terrier','Pequeno','',NULL),(229,1,'Flor','Canina','10','209','F','Shih Tzu','Pequeno','IDOSA',NULL),(230,1,'Mel','Canina','7','210','F','Shih Tzu','Pequeno','',NULL),(231,1,'JOLIE','Canina','10','211','F','Shih Tzu','Pequeno','',NULL),(232,1,'Bella','Canina','5','212','F','Shih Tzu','Pequeno','TOMAR MUITO CUIDADO COM OS OLHOS DA BELINHA',NULL),(233,1,'Batman','Canina','4','213','M','SRD','Mdio','',NULL),(234,1,'Bela','Canina','7','214','F','Poodle','Pequeno','',NULL),(235,1,'thor','Canina','6','215','M','Chow Chow','Grande','',NULL),(236,1,'Gato 1','Felina','1','216','M','SRD','Pequeno','',NULL),(237,1,'Gato2','Felina','1','217','M','SRD','Pequeno','',NULL),(238,1,'Luck','Canina','6','219','M','SRD','Mdio','',NULL),(239,1,'Radar Vidal','Canina','7','220','M','Pug','Pequeno','',NULL),(240,1,'Frederico','Canina','1','221','M','Shih Tzu','Pequeno','',NULL),(241,1,'Luna','Canina','6','222','F','Pug','Pequeno','',NULL),(242,1,'MEG','Canina','12','223','F','Labrador Retriever','Pequeno','IDOSA CUIDADO COM AS ORELHAS EA SENTE DOR POR CONTA DA OTITE',NULL),(243,1,'Fiona','Canina','7','224','F','Husky Siberiano','Grande','',NULL),(244,1,'Maya','Canina','6','225','F','Shih Tzu','Pequeno','SEMPRE ATENTAR A TOSA HIGIENICA  ',NULL),(245,1,'Rex','Canina','7','226','M','Chow Chow','Grande','',NULL),(246,1,'Evaristo','Canina','8','227','M','SRD','Pequeno','5',NULL),(247,1,'Toby','Canina','5','228','M','Pinscher Mini','Pequeno','',NULL),(248,1,'Paoca','Canina','6','229','M','Poodle','Pequeno','',NULL),(249,1,'Mel Ribeiro','Canina','6','230','F','Lhasa Apso','Pequeno','',NULL),(250,1,'Benicio','Canina','3','231','M','Shih Tzu','Pequeno','',NULL),(251,1,'DANTAS','Canina','3','232','M','Pitbull','Pequeno','',NULL),(252,1,'MEL','Canina','6','233','F','Shih Tzu','Pequeno','',NULL),(253,1,'koda','Canina','6','234','M','Chow Chow','Grande','',NULL),(254,1,'Zeus','Canina','7','235','M','Chow Chow','Grande','',NULL),(255,1,'Zeus','Canina','7','234','M','Chow Chow','Grande','',NULL),(256,1,'Bob','Canina','2','237','M','Shih Tzu','Pequeno','',NULL),(257,1,'Mike','Canina','1','238','M','Shih Tzu','Pequeno','',NULL),(258,1,'Cacau','Canina','4','239','F','Shih Tzu','Pequeno','',NULL),(259,1,'Malton','Canina','5','240','M','Maltes','Pequeno','',NULL),(260,1,'Laila','Canina','8','241','F','Shih Tzu','Pequeno','',NULL),(261,1,'Preta','Canina','8','242','F','Bulldog ingls','Mdio','BANHO COMPLETO \r\nNAS PATINHAS TRASEIRAS TA COM UMA FERIDINHA ',NULL),(262,1,'Billy','Canina','1','243','M','Shih Tzu','Pequeno','',NULL),(263,1,'Sky','Canina','13','244','M','Poodle','Pequeno','Sem Perfume  Shampoo neutro',NULL),(264,1,'Billy','Canina','4','245','M','SRD','Pequeno','',NULL),(265,1,'Yara','Canina','7','246','F','Lhasa Apso','Pequeno','',NULL),(266,1,'Bela','Canina','3','247','F','Chow Chow','Grande','',NULL),(267,1,'Estrela','Canina','-3','248','F','Shih Tzu','Pequeno','3 meses',NULL),(268,1,'Estrela','Canina','5','249','F','Shih Tzu','Pequeno','',NULL),(269,1,'Narceja','Canina','10','250','F','Yorkshire Terrier','Pequeno','IDOSA',NULL),(270,1,'Amora','Canina','1','251','F','Shih Tzu','Pequeno','',NULL),(271,1,'Tho','Canina','6','252','M','Spitz Alemo Ano','Pequeno','',NULL),(272,1,'Wood','Canina','9','253','M','Golden Retriever','Grande','',NULL),(273,1,'Morgot','Canina','3','254','F','Poodle','Pequeno','',NULL),(274,1,'Nina','Canina','13','254','F','SRD','Pequeno','IDOSA TOMAR MUITO CUIDADO',NULL),(275,1,'Lilica','Canina','2','256','F','Malts','Pequeno','',NULL),(276,1,'Logan','Canina','5','257','M','Pastor Australiano','Grande','',NULL),(277,1,'Luck','Canina','2','258','M','Shih Tzu','Pequeno','Morde',NULL),(278,1,'Biscoito','Canina','1','259','M','Shih Tzu','Pequeno','',NULL),(279,1,'Max','Canina','9','260','M','Shih Tzu','Pequeno','',NULL),(280,1,'Chico Rei','Canina','6','261','M','Golden Retriever','Grande','',NULL),(281,1,'Luna','Canina','6','262','M','Shih Tzu','Pequeno','',NULL),(282,1,'Maria Flor','Canina','1','263','F','Shih Tzu','Pequeno','',NULL),(283,1,'Maria Flor','Canina','1','264','F','Shih Tzu','Pequeno','',NULL),(284,1,'Theo','Canina','1','266','M','Shih Tzu','Pequeno','',NULL),(285,1,'Meg','Canina','1','267','F','SRD','Pequeno','',NULL),(286,1,'belinha','Canina','3','267','F','Shih Tzu','Pequeno','',NULL),(287,1,'Nicolas ','Canina','15','270','M','SRD','Pequeno','IDOSO TOMAR MUITO CUIDADO',NULL),(288,1,'Charles','Canina','3','271','M','Shih Tzu','Pequeno','',NULL),(289,1,'Tip','Canina','4','272','M','Poodle','Pequeno','',NULL),(290,1,'hulk','Canina','3','273','M','Shih Tzu','Pequeno','',NULL),(291,1,'Juju','Canina','4','274','F','Shih Tzu','Pequeno','',NULL),(292,1,'Maria flor','Canina','10','275','F','Yorkshire Terrier','Pequeno','Idosa',NULL),(293,1,'Hugo','Canina','13','276','M','Yorkshire Terrier','Pequeno','IDOSO CUIDADO MAXIMO',NULL),(294,1,'ROBBEN','Canina','9','277','F','Yorkshire Terrier','Pequeno','',NULL),(295,1,'Thor','Canina','9','278','M','Lhasa Apso','Pequeno','',NULL),(296,1,'George','Canina','3','279','M','Yorkshire Terrier','Pequeno','',NULL),(297,1,'Calvin','Felina','1','280','M','Persa','Pequeno','',NULL),(298,1,'Bob','Canina','1','281','M','Akita','Grande','',NULL),(299,1,'Theo','Canina','1','282','M','Spitz Alemo Ano','Pequeno','',NULL),(300,1,'Goku','Canina','4','283','M','So Bernardo','Grande','',NULL),(301,1,'Kika','Canina','13','284','F','SRD','Pequeno','IDOSA',NULL),(302,1,'Bianca ','Canina','2','285','F','SRD','Pequeno','',NULL),(303,1,'Zoe','Canina','3','286','F','Shih Tzu','Pequeno','',NULL),(304,1,'Poly','Canina','9','287','F','Shih Tzu','Pequeno','',NULL),(305,1,'Mel','Canina','5','288','F','Poodle','Pequeno','',NULL),(306,1,'Maggie','Canina','2','288','F','Yorkshire Terrier','Pequeno','',NULL),(307,1,'Lulu','Canina','3','288','M','Shih Tzu','Pequeno','',NULL),(308,1,'Faisca','Canina','4','288','M','SRD','Pequeno','',NULL),(309,1,'Duque','Canina','6','289','M','SRD','Pequeno','',NULL),(310,1,'Flop','Canina','5','289','M','Spitz Alemo Ano','Pequeno','',NULL),(311,1,'Jade','Canina','4','289','F','Spitz Alemo Ano','Pequeno','',NULL),(312,1,'Donny','Canina','4','290','M','Shih Tzu','Pequeno','',NULL),(313,1,'Tat','Canina','1','290','M','Shih Tzu','Pequeno','',NULL),(314,1,'Blair','Canina','9','291','F','Shih Tzu','Pequeno','',NULL),(315,1,'Khloe','Canina','7','291','F','Shih Tzu','Pequeno','',NULL),(316,1,'Julie','Canina','6','292','F','Spitz Alemo Ano','Pequeno','',NULL),(317,1,'Juju','Canina','7','24','F','Shih Tzu','Pequeno','',NULL),(318,1,'Nina ','Canina','6','294','F','Lhasa Apso','Pequeno','',NULL),(319,1,'Ibra','Canina','7','294','F','Shih Tzu','Pequeno','',NULL),(320,1,'kindy','Canina','7','295','M','Shih Tzu','Pequeno','',NULL),(321,1,'Condessa','Canina','10','295','F','Shih Tzu','Pequeno','',NULL),(322,1,'Toddy','Canina','5','296','M','Shih Tzu','Pequeno','',NULL),(323,1,'Thor','Canina','3','297','M','Shih Tzu','Pequeno','',NULL),(324,1,'Zeca','Canina','4','297','M','Spitz Alemo Ano','Pequeno','',NULL),(325,1,'Bebel','Canina','4','297','F','Spitz Alemo Ano','Pequeno','',NULL),(326,1,'Nickko','Canina','8','298','M','Lhasa Apso','Pequeno','',NULL),(327,1,'Caf','Felina','4','299','M','SRD','Pequeno','',NULL),(328,1,'Nina','Canina','5','300','F','Chow Chow','Pequeno','',NULL),(329,1,'Imperador','Canina','4','301','M','Pinscher Mini','Pequeno','',NULL),(330,1,'Princesa','Canina','11','302','F','SRD','Pequeno','Idosa',NULL),(331,1,'Mel','Canina','4','303','F','Shih Tzu','Pequeno','',NULL),(332,1,'Lola','Canina','4','304','F','Shih Tzu','Pequeno','',NULL),(333,1,'Taurus','Canina','12','305','M','Border Collie','Mdio','',NULL),(334,1,'Thops','Canina','6','306','M','Shih Tzu','Pequeno','',NULL),(335,1,'Andy','Canina','11','307','M','Lhasa Apso','Pequeno','',NULL),(336,1,'Ben','Canina','12','307','M','SRD','Pequeno','',NULL),(337,1,'Rebaca','Canina','6','307','F','Lhasa Apso','Pequeno','',NULL),(338,1,'Nick','Canina','7','307','F','SRD','Pequeno','',NULL),(339,1,'Lara','Canina','8','307','F','SRD','Pequeno','',NULL),(340,1,'Joo','Canina','5','308','M','Yorkshire Terrier','Pequeno','',NULL),(341,1,'Suzie','Canina','1','309','F','SRD','Grande','',NULL),(342,1,'Jade','Canina','1','310','F','Pequins','Pequeno','',NULL),(343,1,'Bruce','Canina','-6','311','M','lulu da pomerania ','Pequeno','',NULL),(344,1,'Floquinho','Canina','10','312','M','Poodle','Pequeno','Um pouco bravinho',NULL),(345,1,'Nina','Canina','7','313','F','SRD','Mdio','',NULL),(346,1,'Pucca','Canina','15','314','M','Poodle','Pequeno','',NULL),(347,1,'Rocky','Canina','5','315','M','Malts','Pequeno','',NULL),(348,1,'Tayson','Canina','5','315','M','Bulldog','Mdio','',NULL),(349,1,'jacks','Canina','5','316','M','Bulldog Francs','Pequeno','',NULL),(350,1,'Dakota','Canina','4','317','F','Beagle','Pequeno','',NULL),(351,1,'Bruce','Canina','1','318','M','Border Collie','Pequeno','',NULL),(352,1,'Belinha','Canina','3','320','F','Malts','Pequeno','',NULL),(353,1,'Fred','Canina','4','321','M','Shih Tzu','Pequeno','',NULL),(354,1,'Zara','Canina','4','39','F','Poodle','Pequeno','',NULL),(355,1,'Bebe','Canina','3','322','M','Shih Tzu','Pequeno','',NULL),(356,1,'Zeca','Canina','3','322','M','Shih Tzu','Pequeno','',NULL),(357,1,'Preto','Canina','4','323','M','Shih Tzu','Pequeno','',NULL),(358,1,'Meg','Canina','3','323','F','Shih Tzu','Pequeno','',NULL),(359,1,'David','Canina','14','324','M','Poodle','Pequeno','',NULL),(360,1,'Dolly','Canina','13','324','F','Poodle','Pequeno','',NULL),(361,1,'Peter ','Canina','5','325','M','Shih Tzu','Pequeno','',NULL),(362,1,'Tho','Canina','9','326','M','Shih Tzu','Pequeno','',NULL),(363,1,'Mel','Canina','7','327','F','Shih Tzu','Pequeno','',NULL),(364,1,'Luna','Canina','4','63','F','Chow Chow','Grande','',NULL),(365,1,'Luck','Canina','5','328','M','Shih Tzu','Pequeno','',NULL),(366,1,'Luck','Canina','10','329','M','Shih Tzu','Pequeno','IDOSO',NULL),(367,1,'Nina','Canina','5','183','F','Shih Tzu','Pequeno','',NULL),(368,1,'Tho','Canina','6','330','M','Shih Tzu','Pequeno','',NULL),(369,1,'Simba','Canina','3','78','M','Spitz Alemo Ano','Pequeno','',NULL),(370,1,'Maria flor','Canina','4','332','F','Spitz Alemo Ano','Pequeno','',NULL),(371,1,'Nick','Canina','4','332','M','Spitz Alemo Ano','Pequeno','',NULL),(372,1,'Bina','Canina','5','333','F','SRD','Mdio','',NULL),(373,1,'Thor','Canina','8','334','M','Shih Tzu','Pequeno','',NULL),(374,1,'Estrela','Canina','12','23','F','Yorkshire Terrier','Pequeno','IDOSA',NULL),(375,1,'Estrela','Canina','12','334','F','Yorkshire Terrier','Pequeno','IDOSA',NULL),(376,1,'Skank','Canina','4','335','M','SRD','Pequeno','',NULL),(377,1,'Niko','Canina','3','336','M','SRD','Mdio','',NULL),(378,1,'tho','Canina','3','337','M','Yorkshire Terrier','Pequeno','',NULL),(379,1,'Zoe','Canina','6','338','F','Lhasa Apso','Pequeno','',NULL),(380,1,'Frede','Canina','9','339','M','Yorkshire Terrier','Pequeno','',NULL),(381,1,'Buck','Felina','1','340','M','SRD','Pequeno','pode tudo',NULL),(382,1,'Layla','canina','6','341','F','srd','Pequeno','',NULL),(383,1,'Tony','Canina','7','342','M','Shih Tzu','Pequeno','',NULL),(384,1,'Lily','Canina','3','341','F','srd','Pequeno','',NULL),(385,1,'Amora','Canina','5','343','F','Shih Tzu','Pequeno','',NULL),(386,1,'Minnie','Canina','7','344','F','lulu da pomerania','Pequeno','',NULL),(387,1,'Lilica','Canina','2','345','F','Shih Tzu','Pequeno','',NULL),(388,1,'Bilu','Canina','3','346','M','Yorkshire Terrier','Pequeno','',NULL),(389,1,'Vitoria ','Canina','-5','347','M','srd','Pequeno','',NULL),(390,1,'Billi','Canina','10','155','M','Poodle','Grande','',NULL),(391,1,'Nina','canina','13','155','F','Poodle','Pequeno','',NULL),(392,1,'Koda ','Canina','5','348','M','Chow Chow','Grande','',NULL),(393,1,'Mel','Canina','5','348','F','SRD','Grande','',NULL),(394,1,'Casquinha','Canina','7','349','M','Shih Tzu','Pequeno','',NULL),(395,1,'Ben ','canina','-9','350','M','Yorkshire Terrier','Pequeno','',NULL),(396,1,'Nina','Canina','3','351','F','Shih Tzu','Pequeno','',NULL),(397,1,'Theo','Canina','3','352','M','Shih Tzu','Pequeno','',NULL),(398,1,'Whisky','Canina','8','353','M','Shih Tzu','Pequeno','',NULL),(399,1,'Apollo','Canina','5','354','M','Border Collie','Grande','',NULL),(400,1,'Toddy ','Canina','5','355','M','Shih Tzu','Pequeno','',NULL),(401,1,'Caramelo','Canina','2','356','M','Shih Tzu','Pequeno','',NULL),(402,1,'Lua','Canina','2','357','F','Yorkshire Terrier','Pequeno','',NULL),(403,1,'shakira','Canina','7','358','F','SRD','Mdio','',NULL),(404,1,'Zara','Canina','4','359','F','American Stafford Terrier','Mdio','',NULL),(405,1,'Folhinha ','Canina','5','360','F','srd','Pequeno','',NULL),(406,1,'Toddynho','Canina','6','360','M','Yorkshire Terrier','Pequeno','',NULL),(407,1,'papai ferrari ','canina','5','361','M','Shitzu','Pequeno','',NULL),(408,1,'totozinho','canina','45','31','M','Shitzu','Pequeno','gyygfjdfjdtjdtjydj',NULL);
/*!40000 ALTER TABLE `pet` ENABLE KEYS */;
UNLOCK TABLES;

--
-- Table structure for table `prontuario`
--

DROP TABLE IF EXISTS `prontuario`;
/*!40101 SET @saved_cs_client     = @@character_set_client */;
/*!50503 SET character_set_client = utf8mb4 */;
CREATE TABLE `prontuario` (
  `id` int NOT NULL AUTO_INCREMENT,
  `estabelecimento_id` int NOT NULL,
  `agendamento_id` int DEFAULT NULL,
  `observacoes` text,
  `arquivos` text,
  `criado_em` datetime DEFAULT NULL,
  PRIMARY KEY (`id`)
) ENGINE=InnoDB DEFAULT CHARSET=utf8mb4 COLLATE=utf8mb4_0900_ai_ci;
/*!40101 SET character_set_client = @saved_cs_client */;

--
-- Dumping data for table `prontuario`
--

LOCK TABLES `prontuario` WRITE;
/*!40000 ALTER TABLE `prontuario` DISABLE KEYS */;
/*!40000 ALTER TABLE `prontuario` ENABLE KEYS */;
UNLOCK TABLES;

--
-- Table structure for table `prontuariopet`
--

DROP TABLE IF EXISTS `prontuariopet`;
/*!40101 SET @saved_cs_client     = @@character_set_client */;
/*!50503 SET character_set_client = utf8mb4 */;
CREATE TABLE `prontuariopet` (
  `id` int NOT NULL AUTO_INCREMENT,
  `pet_id` int NOT NULL,
  `data` datetime NOT NULL,
  `tipo` enum('evolucao','procedimento','exame','vacina') NOT NULL,
  `descricao` text NOT NULL,
  `anexo` varchar(255) DEFAULT NULL,
  `criado_em` datetime DEFAULT CURRENT_TIMESTAMP,
  PRIMARY KEY (`id`)
) ENGINE=InnoDB AUTO_INCREMENT=5 DEFAULT CHARSET=utf8mb4 COLLATE=utf8mb4_0900_ai_ci;
/*!40101 SET character_set_client = @saved_cs_client */;

--
-- Dumping data for table `prontuariopet`
--

LOCK TABLES `prontuariopet` WRITE;
/*!40000 ALTER TABLE `prontuariopet` DISABLE KEYS */;
INSERT INTO `prontuariopet` VALUES (1,404,'2025-06-16 14:15:44','vacina','v8',NULL,'2025-06-16 14:15:44'),(2,408,'2025-06-16 14:16:05','evolucao','uyify',NULL,'2025-06-16 14:16:05'),(3,404,'2025-06-16 14:17:14','procedimento','hemograma',NULL,'2025-06-16 14:17:14'),(4,408,'2025-06-16 14:18:18','vacina','v10',NULL,'2025-06-16 14:18:18');
/*!40000 ALTER TABLE `prontuariopet` ENABLE KEYS */;
UNLOCK TABLES;

--
-- Table structure for table `servico`
--

DROP TABLE IF EXISTS `servico`;
/*!40101 SET @saved_cs_client     = @@character_set_client */;
/*!50503 SET character_set_client = utf8mb4 */;
CREATE TABLE `servico` (
  `id` int NOT NULL AUTO_INCREMENT,
  `estabelecimento_id` int NOT NULL,
  `nome` varchar(255) CHARACTER SET utf8mb4 COLLATE utf8mb4_unicode_ci DEFAULT NULL,
  `descricao` varchar(255) CHARACTER SET utf8mb4 COLLATE utf8mb4_unicode_ci DEFAULT NULL,
  `valor` decimal(10,0) DEFAULT NULL,
  PRIMARY KEY (`id`)
) ENGINE=InnoDB AUTO_INCREMENT=47 DEFAULT CHARSET=utf8mb4 COLLATE=utf8mb4_unicode_ci;
/*!40101 SET character_set_client = @saved_cs_client */;

--
-- Dumping data for table `servico`
--

LOCK TABLES `servico` WRITE;
/*!40000 ALTER TABLE `servico` DISABLE KEYS */;
INSERT INTO `servico` VALUES (1,1,'Banho P  45,00','Banho porte pequeno',45),(2,1,'Banho M 55','Banho porte mdio',55),(3,1,'Banho G 70','Banho Porte Grande',70),(4,1,'Banho e tosa P Maquina','Banho e tosa Porte Pequeno Maquina',70),(9,1,'Pacote Porte Pequeno ','4 banhos pacote mensal ',130),(10,1,'Banho Medicamentoso porte pequeno ','Banho  contra pulga e carrapato ',55),(11,1,'Banho e Tosa Mquina Porte Medio ','Banho e Tosa Mquina Porte Medio ',80),(12,1,'Banho P +Hidratao ','Banho P +Hidratao ',60),(13,1,'Banho Pequeno + Patinha ','Banho Pequeno + Patinha ',55),(14,1,'Banho e tosa P Tesoura','Banho e tosa P Tesoura',80),(15,1,'Banho Porte Grande','Banho Porte Grande',70),(16,1,'Pacote mensal ','Pacote mensal ',30),(17,1,'Banho chow chow apartir 90','Banho chow chow',90),(18,1,'Banho Porte Mdio ','Banho Porte Mdio ',55),(19,1,'Banho + Hidratao +Desembolo','Banho + Hidratao +Desembolo',75),(21,1,'Banho Chow Chow 90$','Banho',90),(22,1,'Pacote quinzenal ','Pequeno',80),(23,1,'Pacote 2','banho',0),(24,1,'Pacote Gamora','Inicio 08/03',185),(25,1,'Pacote Fiel','fiel',170),(26,1,'pacote Coralina 15/15','4 banhos',270),(27,1,'Pacote de banho ','4 banhos',140),(28,1,'Tosa avulsa na maquina','para pacotes',40),(29,1,'Chow chow','cada',105),(30,1,'Gato minsculo','gatinho ',35),(31,1,'Banho Labrador ','Labrador',80),(32,1,'Tosa na tesoura + Botinha','tosa',90),(33,1,'Amora Lucinha','banho',40),(34,1,'Toby','banho',30),(35,1,'Pacote quinzenal Koda  e Zeus','quinzenal',250),(36,1,'Luno','cobra 2 em 2 banhos',120),(37,1,'Golden ','banho',100),(38,1,'Pacote 120','luna',120),(39,1,'Banho Bob ','akita',100),(40,1,'Banho So Bernardo','sao bernardo',120),(41,1,'BANHO FELINO','BANHO DE GATO',80),(42,1,'Banho P + Botinha','banho e botinha',60),(43,1,'Meia tosa','tosa',35),(44,1,'Pacote bob, mari e baleia 5 semanas','5 banhos',125),(45,1,'Pacote 4 BANHOS COM DESCONTO','4 BANHOS',120),(46,1,'teste00002','teste teste ',50);
/*!40000 ALTER TABLE `servico` ENABLE KEYS */;
UNLOCK TABLES;

--
-- Table structure for table `vacina`
--

DROP TABLE IF EXISTS `vacina`;
/*!40101 SET @saved_cs_client     = @@character_set_client */;
/*!50503 SET character_set_client = utf8mb4 */;
CREATE TABLE `vacina` (
  `id` int NOT NULL AUTO_INCREMENT,
  `estabelecimento_id` int NOT NULL,
  `pet_id` int DEFAULT NULL,
  `tipo` varchar(100) DEFAULT NULL,
  `data_aplicacao` date DEFAULT NULL,
  `data_validade` date DEFAULT NULL,
  `lote` varchar(100) DEFAULT NULL,
  PRIMARY KEY (`id`)
) ENGINE=InnoDB AUTO_INCREMENT=5 DEFAULT CHARSET=utf8mb4 COLLATE=utf8mb4_0900_ai_ci;
/*!40101 SET character_set_client = @saved_cs_client */;

--
-- Dumping data for table `vacina`
--

LOCK TABLES `vacina` WRITE;
/*!40000 ALTER TABLE `vacina` DISABLE KEYS */;
INSERT INTO `vacina` VALUES (1,1,100,'V10 (Polivalente)','2025-04-23','2025-04-23','1123'),(2,1,233,'Babesiose','2025-04-23','2025-04-23','4565'),(3,1,100,'Doena de Lyme','2025-04-24','2025-04-25','51561'),(4,1,103,'Girdia','2025-04-24','2026-04-24','5857354');
/*!40000 ALTER TABLE `vacina` ENABLE KEYS */;
UNLOCK TABLES;

--
-- Table structure for table `veterinario`
--

DROP TABLE IF EXISTS `veterinario`;
/*!40101 SET @saved_cs_client     = @@character_set_client */;
/*!50503 SET character_set_client = utf8mb4 */;
CREATE TABLE `veterinario` (
  `id` int NOT NULL AUTO_INCREMENT,
  `nome` varchar(255) NOT NULL,
  `email` varchar(255) DEFAULT NULL,
  `telefone` varchar(20) DEFAULT NULL,
  `especialidade` varchar(255) DEFAULT NULL,
  PRIMARY KEY (`id`)
) ENGINE=InnoDB DEFAULT CHARSET=utf8mb4 COLLATE=utf8mb4_0900_ai_ci;
/*!40101 SET character_set_client = @saved_cs_client */;

--
-- Dumping data for table `veterinario`
--

LOCK TABLES `veterinario` WRITE;
/*!40000 ALTER TABLE `veterinario` DISABLE KEYS */;
/*!40000 ALTER TABLE `veterinario` ENABLE KEYS */;
UNLOCK TABLES;
/*!40103 SET TIME_ZONE=@OLD_TIME_ZONE */;

/*!40101 SET SQL_MODE=@OLD_SQL_MODE */;
/*!40014 SET FOREIGN_KEY_CHECKS=@OLD_FOREIGN_KEY_CHECKS */;
/*!40014 SET UNIQUE_CHECKS=@OLD_UNIQUE_CHECKS */;
/*!40101 SET CHARACTER_SET_CLIENT=@OLD_CHARACTER_SET_CLIENT */;
/*!40101 SET CHARACTER_SET_RESULTS=@OLD_CHARACTER_SET_RESULTS */;
/*!40101 SET COLLATION_CONNECTION=@OLD_COLLATION_CONNECTION */;
/*!40111 SET SQL_NOTES=@OLD_SQL_NOTES */;

-- Dump completed on 2025-06-25 16:48:06
